Workbook
Name Slicer_Department: #N/A

Sheet Employee_Data
A1: Employee_Name | B1: First_Name | C1: Last_name | D1: Tenure_Years | E1: Salary_Band | F1: Performance_Category | G1: Attrition_Type | H1: EmpID | I1: MarriedID | J1: MaritalStatusID | K1: GenderID | L1: EmpStatusID | M1: DeptID | N1: PerfScoreID | O1: FromDiversityJobFairID | P1: Salary | Q1: Termd | R1: PositionID | S1: Position | T1: State | U1: Zip | V1: DOB | W1: Sex | X1: MaritalDesc | Y1: CitizenDesc | Z1: HispanicLatino | AA1: RaceDesc | AB1: DateofHire | AC1: DateofTermination | AD1: TermReason | AE1: EmploymentStatus | AF1: Department | AG1: ManagerName | AH1: ManagerID | AI1: RecruitmentSource | AJ1: PerformanceScore | AK1: EngagementSurvey | AL1: EmpSatisfaction | AM1: SpecialProjectsCount | AN1: LastPerformanceReview_Date | AO1: DaysLateLast30 | AP1: Absences
A2: Adinolfi, Wilson K | B2: =TRIM(MID(A2, FIND(",", A2)+1, LEN(A2))) -> Wilson K | C2: =TRIM(LEFT(A2, FIND(",", A2)-1)) -> Adinolfi | D2: =IFERROR(DATEDIF(AB2, AC2, "Y"), DATEDIF(AB2, TODAY(), "Y")) -> 14 | E2: MID | F2: {=_xlfn.IFS(AJ2="Exceeds", "Top Performer", AJ2="Fully Meets", "Solid Performer", AJ2="Needs Improvement", "Underperformer", AJ2="PIP", "At Risk")} -> Top Performer | G2: {=_xlfn.IFS(AE2="Active", "Retained", AE2="Voluntarily Terminated", "Voluntary Exit", AE2="Terminated for Cause", "Involuntary Exit")} -> Retained | H2: 10026 | I2: 0 | J2: 0 | K2: 1 | L2: 1 | M2: 5 | N2: 4 | O2: 0 | P2: 62506 | Q2: 0 | R2: 19 | S2: Production Technician I | T2: MA | U2: 1960 | V2: 30507 | W2: M | X2: Single | Y2: US Citizen | Z2: No | AA2: White | AB2: 40729 | AD2: N/A-StillEmployed | AE2: Active | AF2: Production | AG2: Michael Albert | AH2: 22 | AI2: LinkedIn | AJ2: Exceeds | AK2: 4.6 | AL2: 5 | AM2: 0 | AN2: 43482 | AO2: 0 | AP2: 1
A3: Ait Sidi, Karthikeyan | B3: =TRIM(MID(A3, FIND(",", A3)+1, LEN(A3))) -> Karthikeyan | C3: =TRIM(LEFT(A3, FIND(",", A3)-1)) -> Ait Sidi | D3: =IFERROR(DATEDIF(AB3, AC3, "Y"), DATEDIF(AB3, TODAY(), "Y")) -> 1 | E3: {=_xlfn.IFS(P3<40000, "Low", P3<70000, "MID", P3<100000, "HIGH", P3>=100000, "Executive")} -> Executive | F3: {=_xlfn.IFS(AJ3="Exceeds", "Top Performer", AJ3="Fully Meets", "Solid Performer", AJ3="Needs Improvement", "Underperformer", AJ3="PIP", "At Risk")} -> Solid Performer | G3: {=_xlfn.IFS(AE3="Active", "Retained", AE3="Voluntarily Terminated", "Voluntary Exit", AE3="Terminated for Cause", "Involuntary Exit")} -> Voluntary Exit | H3: 10084 | I3: 1 | J3: 1 | K3: 1 | L3: 5 | M3: 3 | N3: 3 | O3: 0 | P3: 104437 | Q3: 1 | R3: 27 | S3: Sr. DBA | T3: MA | U3: 2148 | V3: 27519 | W3: M | X3: Married | Y3: US Citizen | Z3: No | AA3: White | AB3: 42093 | AC3: 42537 | AD3: career change | AE3: Voluntarily Terminated | AF3: IT/IS | AG3: Simon Roup | AH3: 4 | AI3: Indeed | AJ3: Fully Meets | AK3: 4.96 | AL3: 3 | AM3: 6 | AN3: 42424 | AO3: 0 | AP3: 17
A4: Akinkuolie, Sarah | B4: =TRIM(MID(A4, FIND(",", A4)+1, LEN(A4))) -> Sarah | C4: =TRIM(LEFT(A4, FIND(",", A4)-1)) -> Akinkuolie | D4: =IFERROR(DATEDIF(AB4, AC4, "Y"), DATEDIF(AB4, TODAY(), "Y")) -> 1 | E4: {=_xlfn.IFS(P4<40000, "Low", P4<70000, "MID", P4<100000, "HIGH", P4>=100000, "Executive")} -> MID | F4: {=_xlfn.IFS(AJ4="Exceeds", "Top Performer", AJ4="Fully Meets", "Solid Performer", AJ4="Needs Improvement", "Underperformer", AJ4="PIP", "At Risk")} -> Solid Performer | G4: {=_xlfn.IFS(AE4="Active", "Retained", AE4="Voluntarily Terminated", "Voluntary Exit", AE4="Terminated for Cause", "Involuntary Exit")} -> Voluntary Exit | H4: 10196 | I4: 1 | J4: 1 | K4: 0 | L4: 5 | M4: 5 | N4: 3 | O4: 0 | P4: 64955 | Q4: 1 | R4: 20 | S4: Production Technician II | T4: MA | U4: 1810 | V4: 32405 | W4: F | X4: Married | Y4: US Citizen | Z4: No | AA4: White | AB4: 40729 | AC4: 41176 | AD4: hours | AE4: Voluntarily Terminated | AF4: Production | AG4: Kissy Sullivan | AH4: 20 | AI4: LinkedIn | AJ4: Fully Meets | AK4: 3.02 | AL4: 3 | AM4: 0 | AN4: 41044 | AO4: 0 | AP4: 3
A5: Alagbe,Trina | B5: =TRIM(MID(A5, FIND(",", A5)+1, LEN(A5))) -> Trina | C5: =TRIM(LEFT(A5, FIND(",", A5)-1)) -> Alagbe | D5: =IFERROR(DATEDIF(AB5, AC5, "Y"), DATEDIF(AB5, TODAY(), "Y")) -> 18 | E5: {=_xlfn.IFS(P5<40000, "Low", P5<70000, "MID", P5<100000, "HIGH", P5>=100000, "Executive")} -> MID | F5: {=_xlfn.IFS(AJ5="Exceeds", "Top Performer", AJ5="Fully Meets", "Solid Performer", AJ5="Needs Improvement", "Underperformer", AJ5="PIP", "At Risk")} -> Solid Performer | G5: {=_xlfn.IFS(AE5="Active", "Retained", AE5="Voluntarily Terminated", "Voluntary Exit", AE5="Terminated for Cause", "Involuntary Exit")} -> Retained | H5: 10088 | I5: 1 | J5: 1 | K5: 0 | L5: 1 | M5: 5 | N5: 3 | O5: 0 | P5: 64991 | Q5: 0 | R5: 19 | S5: Production Technician I | T5: MA | U5: 1886 | V5: 32413 | W5: F | X5: Married | Y5: US Citizen | Z5: No | AA5: White | AB5: 39454 | AD5: N/A-StillEmployed | AE5: Active | AF5: Production | AG5: Elijiah Gray | AH5: 16 | AI5: Indeed | AJ5: Fully Meets | AK5: 4.84 | AL5: 5 | AM5: 0 | AN5: 43468 | AO5: 0 | AP5: 15
A6: Anderson, Carol | B6: =TRIM(MID(A6, FIND(",", A6)+1, LEN(A6))) -> Carol | C6: =TRIM(LEFT(A6, FIND(",", A6)-1)) -> Anderson | D6: =IFERROR(DATEDIF(AB6, AC6, "Y"), DATEDIF(AB6, TODAY(), "Y")) -> 5 | E6: {=_xlfn.IFS(P6<40000, "Low", P6<70000, "MID", P6<100000, "HIGH", P6>=100000, "Executive")} -> MID | F6: {=_xlfn.IFS(AJ6="Exceeds", "Top Performer", AJ6="Fully Meets", "Solid Performer", AJ6="Needs Improvement", "Underperformer", AJ6="PIP", "At Risk")} -> Solid Performer | G6: {=_xlfn.IFS(AE6="Active", "Retained", AE6="Voluntarily Terminated", "Voluntary Exit", AE6="Terminated for Cause", "Involuntary Exit")} -> Voluntary Exit | H6: 10069 | I6: 0 | J6: 2 | K6: 0 | L6: 5 | M6: 5 | N6: 3 | O6: 0 | P6: 50825 | Q6: 1 | R6: 19 | S6: Production Technician I | T6: MA | U6: 2169 | V6: 32759 | W6: F | X6: Divorced | Y6: US Citizen | Z6: No | AA6: White | AB6: 40735 | AC6: 42619 | AD6: return to school | AE6: Voluntarily Terminated | AF6: Production | AG6: Webster Butler | AH6: 39 | AI6: Google Search | AJ6: Fully Meets | AK6: 5 | AL6: 4 | AM6: 0 | AN6: 42401 | AO6: 0 | AP6: 2
A7: Anderson, Linda | B7: =TRIM(MID(A7, FIND(",", A7)+1, LEN(A7))) -> Linda | C7: =TRIM(LEFT(A7, FIND(",", A7)-1)) -> Anderson | D7: =IFERROR(DATEDIF(AB7, AC7, "Y"), DATEDIF(AB7, TODAY(), "Y")) -> 14 | E7: {=_xlfn.IFS(P7<40000, "Low", P7<70000, "MID", P7<100000, "HIGH", P7>=100000, "Executive")} -> MID | F7: {=_xlfn.IFS(AJ7="Exceeds", "Top Performer", AJ7="Fully Meets", "Solid Performer", AJ7="Needs Improvement", "Underperformer", AJ7="PIP", "At Risk")} -> Top Performer | G7: {=_xlfn.IFS(AE7="Active", "Retained", AE7="Voluntarily Terminated", "Voluntary Exit", AE7="Terminated for Cause", "Involuntary Exit")} -> Retained | H7: 10002 | I7: 0 | J7: 0 | K7: 0 | L7: 1 | M7: 5 | N7: 4 | O7: 0 | P7: 57568 | Q7: 0 | R7: 19 | S7: Production Technician I | T7: MA | U7: 1844 | V7: 28267 | W7: F | X7: Single | Y7: US Citizen | Z7: No | AA7: White | AB7: 40917 | AD7: N/A-StillEmployed | AE7: Active | AF7: Production | AG7: Amy Dunn | AH7: 11 | AI7: LinkedIn | AJ7: Exceeds | AK7: 5 | AL7: 5 | AM7: 0 | AN7: 43472 | AO7: 0 | AP7: 15
A8: Andreola, Colby | B8: =TRIM(MID(A8, FIND(",", A8)+1, LEN(A8))) -> Colby | C8: =TRIM(LEFT(A8, FIND(",", A8)-1)) -> Andreola | D8: =IFERROR(DATEDIF(AB8, AC8, "Y"), DATEDIF(AB8, TODAY(), "Y")) -> 11 | E8: {=_xlfn.IFS(P8<40000, "Low", P8<70000, "MID", P8<100000, "HIGH", P8>=100000, "Executive")} -> HIGH | F8: {=_xlfn.IFS(AJ8="Exceeds", "Top Performer", AJ8="Fully Meets", "Solid Performer", AJ8="Needs Improvement", "Underperformer", AJ8="PIP", "At Risk")} -> Solid Performer | G8: {=_xlfn.IFS(AE8="Active", "Retained", AE8="Voluntarily Terminated", "Voluntary Exit", AE8="Terminated for Cause", "Involuntary Exit")} -> Retained | H8: 10194 | I8: 0 | J8: 0 | K8: 0 | L8: 1 | M8: 4 | N8: 3 | O8: 0 | P8: 95660 | Q8: 0 | R8: 24 | S8: Software Engineer | T8: MA | U8: 2110 | V8: 28999 | W8: F | X8: Single | Y8: US Citizen | Z8: No | AA8: White | AB8: 41953 | AD8: N/A-StillEmployed | AE8: Active | AF8: Software Engineering | AG8: Alex Sweetwater | AH8: 10 | AI8: LinkedIn | AJ8: Fully Meets | AK8: 3.04 | AL8: 3 | AM8: 4 | AN8: 43467 | AO8: 0 | AP8: 19
A9: Athwal, Sam | B9: =TRIM(MID(A9, FIND(",", A9)+1, LEN(A9))) -> Sam | C9: =TRIM(LEFT(A9, FIND(",", A9)-1)) -> Athwal | D9: =IFERROR(DATEDIF(AB9, AC9, "Y"), DATEDIF(AB9, TODAY(), "Y")) -> 12 | E9: {=_xlfn.IFS(P9<40000, "Low", P9<70000, "MID", P9<100000, "HIGH", P9>=100000, "Executive")} -> MID | F9: {=_xlfn.IFS(AJ9="Exceeds", "Top Performer", AJ9="Fully Meets", "Solid Performer", AJ9="Needs Improvement", "Underperformer", AJ9="PIP", "At Risk")} -> Solid Performer | G9: {=_xlfn.IFS(AE9="Active", "Retained", AE9="Voluntarily Terminated", "Voluntary Exit", AE9="Terminated for Cause", "Involuntary Exit")} -> Retained | H9: 10062 | I9: 0 | J9: 4 | K9: 1 | L9: 1 | M9: 5 | N9: 3 | O9: 0 | P9: 59365 | Q9: 0 | R9: 19 | S9: Production Technician I | T9: MA | U9: 2199 | V9: 30365 | W9: M | X9: Widowed | Y9: US Citizen | Z9: No | AA9: White | AB9: 41547 | AD9: N/A-StillEmployed | AE9: Active | AF9: Production | AG9: Ketsia Liebig | AH9: 19 | AI9: Employee Referral | AJ9: Fully Meets | AK9: 5 | AL9: 4 | AM9: 0 | AN9: 43521 | AO9: 0 | AP9: 19
A10: Bachiochi, Linda | B10: =TRIM(MID(A10, FIND(",", A10)+1, LEN(A10))) -> Linda | C10: =TRIM(LEFT(A10, FIND(",", A10)-1)) -> Bachiochi | D10: =IFERROR(DATEDIF(AB10, AC10, "Y"), DATEDIF(AB10, TODAY(), "Y")) -> 16 | E10: {=_xlfn.IFS(P10<40000, "Low", P10<70000, "MID", P10<100000, "HIGH", P10>=100000, "Executive")} -> MID | F10: {=_xlfn.IFS(AJ10="Exceeds", "Top Performer", AJ10="Fully Meets", "Solid Performer", AJ10="Needs Improvement", "Underperformer", AJ10="PIP", "At Risk")} -> Solid Performer | G10: {=_xlfn.IFS(AE10="Active", "Retained", AE10="Voluntarily Terminated", "Voluntary Exit", AE10="Terminated for Cause", "Involuntary Exit")} -> Retained | H10: 10114 | I10: 0 | J10: 0 | K10: 0 | L10: 3 | M10: 5 | N10: 3 | O10: 1 | P10: 47837 | Q10: 0 | R10: 19 | S10: Production Technician I | T10: MA | U10: 1902 | V10: 25610 | W10: F | X10: Single | Y10: US Citizen | Z10: No | AA10: Black or African American | AB10: 40000 | AD10: N/A-StillEmployed | AE10: Active | AF10: Production | AG10: Brannon Miller | AH10: 12 | AI10: Diversity Job Fair | AJ10: Fully Meets | AK10: 4.46 | AL10: 3 | AM10: 0 | AN10: 43490 | AO10: 0 | AP10: 4
A11: Bacong, Alejandro | B11: =TRIM(MID(A11, FIND(",", A11)+1, LEN(A11))) -> Alejandro | C11: =TRIM(LEFT(A11, FIND(",", A11)-1)) -> Bacong | D11: =IFERROR(DATEDIF(AB11, AC11, "Y"), DATEDIF(AB11, TODAY(), "Y")) -> 11 | E11: {=_xlfn.IFS(P11<40000, "Low", P11<70000, "MID", P11<100000, "HIGH", P11>=100000, "Executive")} -> MID | F11: {=_xlfn.IFS(AJ11="Exceeds", "Top Performer", AJ11="Fully Meets", "Solid Performer", AJ11="Needs Improvement", "Underperformer", AJ11="PIP", "At Risk")} -> Solid Performer | G11: {=_xlfn.IFS(AE11="Active", "Retained", AE11="Voluntarily Terminated", "Voluntary Exit", AE11="Terminated for Cause", "Involuntary Exit")} -> Retained | H11: 10250 | I11: 0 | J11: 2 | K11: 1 | L11: 1 | M11: 3 | N11: 3 | O11: 0 | P11: 50178 | Q11: 0 | R11: 14 | S11: IT Support | T11: MA | U11: 1886 | V11: 32149 | W11: M | X11: Divorced | Y11: US Citizen | Z11: No | AA11: White | AB11: 42009 | AD11: N/A-StillEmployed | AE11: Active | AF11: IT/IS | AG11: Peter Monroe | AH11: 7 | AI11: Indeed | AJ11: Fully Meets | AK11: 5 | AL11: 5 | AM11: 6 | AN11: 43514 | AO11: 0 | AP11: 16
A12: Baczenski, Rachael | B12: =TRIM(MID(A12, FIND(",", A12)+1, LEN(A12))) -> Rachael | C12: =TRIM(LEFT(A12, FIND(",", A12)-1)) -> Baczenski | D12: =IFERROR(DATEDIF(AB12, AC12, "Y"), DATEDIF(AB12, TODAY(), "Y")) -> 6 | E12: {=_xlfn.IFS(P12<40000, "Low", P12<70000, "MID", P12<100000, "HIGH", P12>=100000, "Executive")} -> MID | F12: {=_xlfn.IFS(AJ12="Exceeds", "Top Performer", AJ12="Fully Meets", "Solid Performer", AJ12="Needs Improvement", "Underperformer", AJ12="PIP", "At Risk")} -> Solid Performer | G12: {=_xlfn.IFS(AE12="Active", "Retained", AE12="Voluntarily Terminated", "Voluntary Exit", AE12="Terminated for Cause", "Involuntary Exit")} -> Voluntary Exit | H12: 10252 | I12: 1 | J12: 1 | K12: 0 | L12: 5 | M12: 5 | N12: 3 | O12: 1 | P12: 54670 | Q12: 1 | R12: 19 | S12: Production Technician I | T12: MA | U12: 1902 | V12: 27041 | W12: F | X12: Married | Y12: US Citizen | Z12: Yes | AA12: Black or African American | AB12: 40553 | AC12: 42747 | AD12: Another position | AE12: Voluntarily Terminated | AF12: Production | AG12: David Stanley | AH12: 14 | AI12: Diversity Job Fair | AJ12: Fully Meets | AK12: 4.2 | AL12: 4 | AM12: 0 | AN12: 42399 | AO12: 0 | AP12: 12
A13: Barbara, Thomas | B13: =TRIM(MID(A13, FIND(",", A13)+1, LEN(A13))) -> Thomas | C13: =TRIM(LEFT(A13, FIND(",", A13)-1)) -> Barbara | D13: =IFERROR(DATEDIF(AB13, AC13, "Y"), DATEDIF(AB13, TODAY(), "Y")) -> 4 | E13: {=_xlfn.IFS(P13<40000, "Low", P13<70000, "MID", P13<100000, "HIGH", P13>=100000, "Executive")} -> MID | F13: {=_xlfn.IFS(AJ13="Exceeds", "Top Performer", AJ13="Fully Meets", "Solid Performer", AJ13="Needs Improvement", "Underperformer", AJ13="PIP", "At Risk")} -> Solid Performer | G13: {=_xlfn.IFS(AE13="Active", "Retained", AE13="Voluntarily Terminated", "Voluntary Exit", AE13="Terminated for Cause", "Involuntary Exit")} -> Voluntary Exit | H13: 10242 | I13: 1 | J13: 1 | K13: 1 | L13: 5 | M13: 5 | N13: 3 | O13: 1 | P13: 47211 | Q13: 1 | R13: 19 | S13: Production Technician I | T13: MA | U13: 2062 | V13: 27081 | W13: M | X13: Married | Y13: US Citizen | Z13: Yes | AA13: Black or African American | AB13: 41001 | AC13: 42632 | AD13: unhappy | AE13: Voluntarily Terminated | AF13: Production | AG13: Kissy Sullivan | AH13: 20 | AI13: Diversity Job Fair | AJ13: Fully Meets | AK13: 4.2 | AL13: 3 | AM13: 0 | AN13: 42496 | AO13: 0 | AP13: 15
A14: Barbossa, Hector | B14: =TRIM(MID(A14, FIND(",", A14)+1, LEN(A14))) -> Hector | C14: =TRIM(LEFT(A14, FIND(",", A14)-1)) -> Barbossa | D14: =IFERROR(DATEDIF(AB14, AC14, "Y"), DATEDIF(AB14, TODAY(), "Y")) -> 11 | E14: {=_xlfn.IFS(P14<40000, "Low", P14<70000, "MID", P14<100000, "HIGH", P14>=100000, "Executive")} -> HIGH | F14: {=_xlfn.IFS(AJ14="Exceeds", "Top Performer", AJ14="Fully Meets", "Solid Performer", AJ14="Needs Improvement", "Underperformer", AJ14="PIP", "At Risk")} -> Top Performer | G14: {=_xlfn.IFS(AE14="Active", "Retained", AE14="Voluntarily Terminated", "Voluntary Exit", AE14="Terminated for Cause", "Involuntary Exit")} -> Retained | H14: 10012 | I14: 0 | J14: 2 | K14: 1 | L14: 1 | M14: 3 | N14: 4 | O14: 1 | P14: 92328 | Q14: 0 | R14: 9 | S14: Data Analyst | T14: TX | U14: 78230 | V14: 32328 | W14: M | X14: Divorced | Y14: US Citizen | Z14: No | AA14: Black or African American | AB14: 41953 | AD14: N/A-StillEmployed | AE14: Active | AF14: IT/IS | AG14: Simon Roup | AH14: 4 | AI14: Diversity Job Fair | AJ14: Exceeds | AK14: 4.28 | AL14: 4 | AM14: 5 | AN14: 43521 | AO14: 0 | AP14: 9
A15: Barone, Francesco A | B15: =TRIM(MID(A15, FIND(",", A15)+1, LEN(A15))) -> Francesco A | C15: =TRIM(LEFT(A15, FIND(",", A15)-1)) -> Barone | D15: =IFERROR(DATEDIF(AB15, AC15, "Y"), DATEDIF(AB15, TODAY(), "Y")) -> 14 | E15: {=_xlfn.IFS(P15<40000, "Low", P15<70000, "MID", P15<100000, "HIGH", P15>=100000, "Executive")} -> MID | F15: {=_xlfn.IFS(AJ15="Exceeds", "Top Performer", AJ15="Fully Meets", "Solid Performer", AJ15="Needs Improvement", "Underperformer", AJ15="PIP", "At Risk")} -> Solid Performer | G15: {=_xlfn.IFS(AE15="Active", "Retained", AE15="Voluntarily Terminated", "Voluntary Exit", AE15="Terminated for Cause", "Involuntary Exit")} -> Retained | H15: 10265 | I15: 0 | J15: 0 | K15: 1 | L15: 1 | M15: 5 | N15: 3 | O15: 0 | P15: 58709 | Q15: 0 | R15: 19 | S15: Production Technician I | T15: MA | U15: 1810 | V15: 30517 | W15: M | X15: Single | Y15: US Citizen | Z15: No | AA15: Two or more races | AB15: 40959 | AD15: N/A-StillEmployed | AE15: Active | AF15: Production | AG15: Kelley Spirea | AH15: 18 | AI15: Google Search | AJ15: Fully Meets | AK15: 4.6 | AL15: 4 | AM15: 0 | AN15: 43510 | AO15: 0 | AP15: 7
A16: Barton, Nader | B16: =TRIM(MID(A16, FIND(",", A16)+1, LEN(A16))) -> Nader | C16: =TRIM(LEFT(A16, FIND(",", A16)-1)) -> Barton | D16: =IFERROR(DATEDIF(AB16, AC16, "Y"), DATEDIF(AB16, TODAY(), "Y")) -> 4 | E16: {=_xlfn.IFS(P16<40000, "Low", P16<70000, "MID", P16<100000, "HIGH", P16>=100000, "Executive")} -> MID | F16: {=_xlfn.IFS(AJ16="Exceeds", "Top Performer", AJ16="Fully Meets", "Solid Performer", AJ16="Needs Improvement", "Underperformer", AJ16="PIP", "At Risk")} -> Solid Performer | G16: {=_xlfn.IFS(AE16="Active", "Retained", AE16="Voluntarily Terminated", "Voluntary Exit", AE16="Terminated for Cause", "Involuntary Exit")} -> Voluntary Exit | H16: 10066 | I16: 0 | J16: 2 | K16: 1 | L16: 5 | M16: 5 | N16: 3 | O16: 0 | P16: 52505 | Q16: 1 | R16: 19 | S16: Production Technician I | T16: MA | U16: 2747 | V16: 28321 | W16: M | X16: Divorced | Y16: US Citizen | Z16: No | AA16: White | AB16: 41176 | AC16: 42831 | AD16: Another position | AE16: Voluntarily Terminated | AF16: Production | AG16: Michael Albert | AH16: 22 | AI16: On-line Web application | AJ16: Fully Meets | AK16: 5 | AL16: 5 | AM16: 0 | AN16: 42796 | AO16: 0 | AP16: 1
A17: Bates, Norman | B17: =TRIM(MID(A17, FIND(",", A17)+1, LEN(A17))) -> Norman | C17: =TRIM(LEFT(A17, FIND(",", A17)-1)) -> Bates | D17: =IFERROR(DATEDIF(AB17, AC17, "Y"), DATEDIF(AB17, TODAY(), "Y")) -> 6 | E17: {=_xlfn.IFS(P17<40000, "Low", P17<70000, "MID", P17<100000, "HIGH", P17>=100000, "Executive")} -> MID | F17: {=_xlfn.IFS(AJ17="Exceeds", "Top Performer", AJ17="Fully Meets", "Solid Performer", AJ17="Needs Improvement", "Underperformer", AJ17="PIP", "At Risk")} -> Solid Performer | G17: {=_xlfn.IFS(AE17="Active", "Retained", AE17="Voluntarily Terminated", "Voluntary Exit", AE17="Terminated for Cause", "Involuntary Exit")} -> Involuntary Exit | H17: 10061 | I17: 0 | J17: 0 | K17: 1 | L17: 4 | M17: 5 | N17: 3 | O17: 0 | P17: 57834 | Q17: 1 | R17: 19 | S17: Production Technician I | T17: MA | U17: 2050 | V17: 29877 | W17: M | X17: Single | Y17: US Citizen | Z17: No | AA17: White | AB17: 40595 | AC17: 42951 | AD17: attendance | AE17: Terminated for Cause | AF17: Production | AG17: Kelley Spirea | AH17: 18 | AI17: Google Search | AJ17: Fully Meets | AK17: 5 | AL17: 4 | AM17: 0 | AN17: 42830 | AO17: 0 | AP17: 20
A18: Beak, Kimberly | B18: =TRIM(MID(A18, FIND(",", A18)+1, LEN(A18))) -> Kimberly | C18: =TRIM(LEFT(A18, FIND(",", A18)-1)) -> Beak | D18: =IFERROR(DATEDIF(AB18, AC18, "Y"), DATEDIF(AB18, TODAY(), "Y")) -> 9 | E18: {=_xlfn.IFS(P18<40000, "Low", P18<70000, "MID", P18<100000, "HIGH", P18>=100000, "Executive")} -> HIGH | F18: {=_xlfn.IFS(AJ18="Exceeds", "Top Performer", AJ18="Fully Meets", "Solid Performer", AJ18="Needs Improvement", "Underperformer", AJ18="PIP", "At Risk")} -> Top Performer | G18: {=_xlfn.IFS(AE18="Active", "Retained", AE18="Voluntarily Terminated", "Voluntary Exit", AE18="Terminated for Cause", "Involuntary Exit")} -> Retained | H18: 10023 | I18: 1 | J18: 1 | K18: 0 | L18: 2 | M18: 5 | N18: 4 | O18: 0 | P18: 70131 | Q18: 0 | R18: 20 | S18: Production Technician II | T18: MA | U18: 2145 | V18: 24214 | W18: F | X18: Married | Y18: US Citizen | Z18: No | AA18: White | AB18: 42572 | AD18: N/A-StillEmployed | AE18: Active | AF18: Production | AG18: Kelley Spirea | AH18: 18 | AI18: Employee Referral | AJ18: Exceeds | AK18: 4.4 | AL18: 3 | AM18: 0 | AN18: 43479 | AO18: 0 | AP18: 16
A19: Beatrice, Courtney | B19: =TRIM(MID(A19, FIND(",", A19)+1, LEN(A19))) -> Courtney | C19: =TRIM(LEFT(A19, FIND(",", A19)-1)) -> Beatrice | D19: =IFERROR(DATEDIF(AB19, AC19, "Y"), DATEDIF(AB19, TODAY(), "Y")) -> 14 | E19: {=_xlfn.IFS(P19<40000, "Low", P19<70000, "MID", P19<100000, "HIGH", P19>=100000, "Executive")} -> MID | F19: {=_xlfn.IFS(AJ19="Exceeds", "Top Performer", AJ19="Fully Meets", "Solid Performer", AJ19="Needs Improvement", "Underperformer", AJ19="PIP", "At Risk")} -> Solid Performer | G19: {=_xlfn.IFS(AE19="Active", "Retained", AE19="Voluntarily Terminated", "Voluntary Exit", AE19="Terminated for Cause", "Involuntary Exit")} -> Retained | H19: 10055 | I19: 0 | J19: 0 | K19: 0 | L19: 1 | M19: 5 | N19: 3 | O19: 0 | P19: 59026 | Q19: 0 | R19: 19 | S19: Production Technician I | T19: MA | U19: 1915 | V19: 25868 | W19: F | X19: Single | Y19: Eligible NonCitizen | Z19: No | AA19: White | AB19: 40637 | AD19: N/A-StillEmployed | AE19: Active | AF19: Production | AG19: Elijiah Gray | AH19: 16 | AI19: Google Search | AJ19: Fully Meets | AK19: 5 | AL19: 5 | AM19: 0 | AN19: 43479 | AO19: 0 | AP19: 12
A20: Becker, Renee | B20: =TRIM(MID(A20, FIND(",", A20)+1, LEN(A20))) -> Renee | C20: =TRIM(LEFT(A20, FIND(",", A20)-1)) -> Becker | D20: =IFERROR(DATEDIF(AB20, AC20, "Y"), DATEDIF(AB20, TODAY(), "Y")) -> 1 | E20: {=_xlfn.IFS(P20<40000, "Low", P20<70000, "MID", P20<100000, "HIGH", P20>=100000, "Executive")} -> Executive | F20: {=_xlfn.IFS(AJ20="Exceeds", "Top Performer", AJ20="Fully Meets", "Solid Performer", AJ20="Needs Improvement", "Underperformer", AJ20="PIP", "At Risk")} -> Solid Performer | G20: {=_xlfn.IFS(AE20="Active", "Retained", AE20="Voluntarily Terminated", "Voluntary Exit", AE20="Terminated for Cause", "Involuntary Exit")} -> Involuntary Exit | H20: 10245 | I20: 0 | J20: 0 | K20: 0 | L20: 4 | M20: 3 | N20: 3 | O20: 0 | P20: 110000 | Q20: 1 | R20: 8 | S20: Database Administrator | T20: MA | U20: 2026 | V20: 31506 | W20: F | X20: Single | Y20: US Citizen | Z20: Yes | AA20: White | AB20: 41827 | AC20: 42259 | AD20: performance | AE20: Terminated for Cause | AF20: IT/IS | AG20: Simon Roup | AH20: 4 | AI20: Google Search | AJ20: Fully Meets | AK20: 4.5 | AL20: 4 | AM20: 5 | AN20: 42019 | AO20: 0 | AP20: 8
A21: Becker, Scott | B21: =TRIM(MID(A21, FIND(",", A21)+1, LEN(A21))) -> Scott | C21: =TRIM(LEFT(A21, FIND(",", A21)-1)) -> Becker | D21: =IFERROR(DATEDIF(AB21, AC21, "Y"), DATEDIF(AB21, TODAY(), "Y")) -> 12 | E21: {=_xlfn.IFS(P21<40000, "Low", P21<70000, "MID", P21<100000, "HIGH", P21>=100000, "Executive")} -> MID | F21: {=_xlfn.IFS(AJ21="Exceeds", "Top Performer", AJ21="Fully Meets", "Solid Performer", AJ21="Needs Improvement", "Underperformer", AJ21="PIP", "At Risk")} -> Solid Performer | G21: {=_xlfn.IFS(AE21="Active", "Retained", AE21="Voluntarily Terminated", "Voluntary Exit", AE21="Terminated for Cause", "Involuntary Exit")} -> Retained | H21: 10277 | I21: 0 | J21: 0 | K21: 1 | L21: 3 | M21: 5 | N21: 3 | O21: 0 | P21: 53250 | Q21: 0 | R21: 19 | S21: Production Technician I | T21: MA | U21: 2452 | V21: 28951 | W21: M | X21: Single | Y21: US Citizen | Z21: No | AA21: Asian | AB21: 41463 | AD21: N/A-StillEmployed | AE21: Active | AF21: Production | AG21: Webster Butler | AI21: LinkedIn | AJ21: Fully Meets | AK21: 4.2 | AL21: 4 | AM21: 0 | AN21: 43476 | AO21: 0 | AP21: 13
A22: Bernstein, Sean | B22: =TRIM(MID(A22, FIND(",", A22)+1, LEN(A22))) -> Sean | C22: =TRIM(LEFT(A22, FIND(",", A22)-1)) -> Bernstein | D22: =IFERROR(DATEDIF(AB22, AC22, "Y"), DATEDIF(AB22, TODAY(), "Y")) -> 14 | E22: {=_xlfn.IFS(P22<40000, "Low", P22<70000, "MID", P22<100000, "HIGH", P22>=100000, "Executive")} -> MID | F22: {=_xlfn.IFS(AJ22="Exceeds", "Top Performer", AJ22="Fully Meets", "Solid Performer", AJ22="Needs Improvement", "Underperformer", AJ22="PIP", "At Risk")} -> Solid Performer | G22: {=_xlfn.IFS(AE22="Active", "Retained", AE22="Voluntarily Terminated", "Voluntary Exit", AE22="Terminated for Cause", "Involuntary Exit")} -> Retained | H22: 10046 | I22: 0 | J22: 0 | K22: 1 | L22: 1 | M22: 5 | N22: 3 | O22: 0 | P22: 51044 | Q22: 0 | R22: 19 | S22: Production Technician I | T22: MA | U22: 2072 | V22: 25924 | W22: M | X22: Single | Y22: US Citizen | Z22: Yes | AA22: White | AB22: 41001 | AD22: N/A-StillEmployed | AE22: Active | AF22: Production | AG22: Amy Dunn | AH22: 11 | AI22: Google Search | AJ22: Fully Meets | AK22: 5 | AL22: 3 | AM22: 0 | AN22: 43479 | AO22: 0 | AP22: 13
A23: Biden, Lowan M | B23: =TRIM(MID(A23, FIND(",", A23)+1, LEN(A23))) -> Lowan M | C23: =TRIM(LEFT(A23, FIND(",", A23)-1)) -> Biden | D23: =IFERROR(DATEDIF(AB23, AC23, "Y"), DATEDIF(AB23, TODAY(), "Y")) -> 12 | E23: {=_xlfn.IFS(P23<40000, "Low", P23<70000, "MID", P23<100000, "HIGH", P23>=100000, "Executive")} -> MID | F23: {=_xlfn.IFS(AJ23="Exceeds", "Top Performer", AJ23="Fully Meets", "Solid Performer", AJ23="Needs Improvement", "Underperformer", AJ23="PIP", "At Risk")} -> Solid Performer | G23: {=_xlfn.IFS(AE23="Active", "Retained", AE23="Voluntarily Terminated", "Voluntary Exit", AE23="Terminated for Cause", "Involuntary Exit")} -> Retained | H23: 10226 | I23: 0 | J23: 2 | K23: 0 | L23: 1 | M23: 5 | N23: 3 | O23: 0 | P23: 64919 | Q23: 0 | R23: 19 | S23: Production Technician I | T23: MA | U23: 2027 | V23: 21546 | W23: F | X23: Divorced | Y23: US Citizen | Z23: No | AA23: Asian | AB23: 41505 | AD23: N/A-StillEmployed | AE23: Active | AF23: Production | AG23: Ketsia Liebig | AH23: 19 | AI23: Indeed | AJ23: Fully Meets | AK23: 4.2 | AL23: 3 | AM23: 0 | AN23: 43475 | AO23: 0 | AP23: 2
A24: Billis, Helen | B24: =TRIM(MID(A24, FIND(",", A24)+1, LEN(A24))) -> Helen | C24: =TRIM(LEFT(A24, FIND(",", A24)-1)) -> Billis | D24: =IFERROR(DATEDIF(AB24, AC24, "Y"), DATEDIF(AB24, TODAY(), "Y")) -> 11 | E24: {=_xlfn.IFS(P24<40000, "Low", P24<70000, "MID", P24<100000, "HIGH", P24>=100000, "Executive")} -> MID | F24: {=_xlfn.IFS(AJ24="Exceeds", "Top Performer", AJ24="Fully Meets", "Solid Performer", AJ24="Needs Improvement", "Underperformer", AJ24="PIP", "At Risk")} -> Top Performer | G24: {=_xlfn.IFS(AE24="Active", "Retained", AE24="Voluntarily Terminated", "Voluntary Exit", AE24="Terminated for Cause", "Involuntary Exit")} -> Retained | H24: 10003 | I24: 1 | J24: 1 | K24: 0 | L24: 1 | M24: 5 | N24: 4 | O24: 0 | P24: 62910 | Q24: 0 | R24: 19 | S24: Production Technician I | T24: MA | U24: 2031 | V24: 32752 | W24: F | X24: Married | Y24: US Citizen | Z24: No | AA24: White | AB24: 41827 | AD24: N/A-StillEmployed | AE24: Active | AF24: Production | AG24: Brannon Miller | AH24: 12 | AI24: Indeed | AJ24: Exceeds | AK24: 5 | AL24: 3 | AM24: 0 | AN24: 43523 | AO24: 0 | AP24: 19
A25: Blount, Dianna | B25: =TRIM(MID(A25, FIND(",", A25)+1, LEN(A25))) -> Dianna | C25: =TRIM(LEFT(A25, FIND(",", A25)-1)) -> Blount | D25: =IFERROR(DATEDIF(AB25, AC25, "Y"), DATEDIF(AB25, TODAY(), "Y")) -> 14 | E25: {=_xlfn.IFS(P25<40000, "Low", P25<70000, "MID", P25<100000, "HIGH", P25>=100000, "Executive")} -> MID | F25: {=_xlfn.IFS(AJ25="Exceeds", "Top Performer", AJ25="Fully Meets", "Solid Performer", AJ25="Needs Improvement", "Underperformer", AJ25="PIP", "At Risk")} -> Underperformer | G25: {=_xlfn.IFS(AE25="Active", "Retained", AE25="Voluntarily Terminated", "Voluntary Exit", AE25="Terminated for Cause", "Involuntary Exit")} -> Retained | H25: 10294 | I25: 0 | J25: 0 | K25: 0 | L25: 1 | M25: 5 | N25: 2 | O25: 0 | P25: 66441 | Q25: 0 | R25: 20 | S25: Production Technician II | T25: MA | U25: 2171 | V25: 33137 | W25: F | X25: Single | Y25: US Citizen | Z25: No | AA25: White | AB25: 40637 | AD25: N/A-StillEmployed | AE25: Active | AF25: Production | AG25: Michael Albert | AH25: 22 | AI25: CareerBuilder | AJ25: Needs Improvement | AK25: 2 | AL25: 3 | AM25: 0 | AN25: 43523 | AO25: 2 | AP25: 3
A26: Bondwell, Betsy | B26: =TRIM(MID(A26, FIND(",", A26)+1, LEN(A26))) -> Betsy | C26: =TRIM(LEFT(A26, FIND(",", A26)-1)) -> Bondwell | D26: =IFERROR(DATEDIF(AB26, AC26, "Y"), DATEDIF(AB26, TODAY(), "Y")) -> 3 | E26: {=_xlfn.IFS(P26<40000, "Low", P26<70000, "MID", P26<100000, "HIGH", P26>=100000, "Executive")} -> MID | F26: {=_xlfn.IFS(AJ26="Exceeds", "Top Performer", AJ26="Fully Meets", "Solid Performer", AJ26="Needs Improvement", "Underperformer", AJ26="PIP", "At Risk")} -> Solid Performer | G26: {=_xlfn.IFS(AE26="Active", "Retained", AE26="Voluntarily Terminated", "Voluntary Exit", AE26="Terminated for Cause", "Involuntary Exit")} -> Voluntary Exit | H26: 10267 | I26: 0 | J26: 0 | K26: 0 | L26: 5 | M26: 5 | N26: 3 | O26: 0 | P26: 57815 | Q26: 1 | R26: 20 | S26: Production Technician II | T26: MA | U26: 2210 | V26: 24488 | W26: F | X26: Single | Y26: US Citizen | Z26: No | AA26: White | AB26: 40553 | AC26: 41733 | AD26: career change | AE26: Voluntarily Terminated | AF26: Production | AG26: Elijiah Gray | AH26: 16 | AI26: Google Search | AJ26: Fully Meets | AK26: 4.8 | AL26: 5 | AM26: 0 | AN26: 41702 | AO26: 0 | AP26: 5
A27: Booth, Frank | B27: =TRIM(MID(A27, FIND(",", A27)+1, LEN(A27))) -> Frank | C27: =TRIM(LEFT(A27, FIND(",", A27)-1)) -> Booth | D27: =IFERROR(DATEDIF(AB27, AC27, "Y"), DATEDIF(AB27, TODAY(), "Y")) -> 2 | E27: {=_xlfn.IFS(P27<40000, "Low", P27<70000, "MID", P27<100000, "HIGH", P27>=100000, "Executive")} -> Executive | F27: {=_xlfn.IFS(AJ27="Exceeds", "Top Performer", AJ27="Fully Meets", "Solid Performer", AJ27="Needs Improvement", "Underperformer", AJ27="PIP", "At Risk")} -> Solid Performer | G27: {=_xlfn.IFS(AE27="Active", "Retained", AE27="Voluntarily Terminated", "Voluntary Exit", AE27="Terminated for Cause", "Involuntary Exit")} -> Involuntary Exit | H27: 10199 | I27: 0 | J27: 0 | K27: 1 | L27: 4 | M27: 3 | N27: 3 | O27: 0 | P27: 103613 | Q27: 1 | R27: 30 | S27: Enterprise Architect | T27: CT | U27: 6033 | V27: 23588 | W27: M | X27: Single | Y27: US Citizen | Z27: No | AA27: Black or African American | AB27: 41687 | AC27: 42419 | AD27: Learned that he is a gangster | AE27: Terminated for Cause | AF27: IT/IS | AG27: Simon Roup | AH27: 4 | AI27: LinkedIn | AJ27: Fully Meets | AK27: 3.5 | AL27: 5 | AM27: 7 | AN27: 42379 | AO27: 0 | AP27: 2
A28: Boutwell, Bonalyn | B28: =TRIM(MID(A28, FIND(",", A28)+1, LEN(A28))) -> Bonalyn | C28: =TRIM(LEFT(A28, FIND(",", A28)-1)) -> Boutwell | D28: =IFERROR(DATEDIF(AB28, AC28, "Y"), DATEDIF(AB28, TODAY(), "Y")) -> 11 | E28: {=_xlfn.IFS(P28<40000, "Low", P28<70000, "MID", P28<100000, "HIGH", P28>=100000, "Executive")} -> Executive | F28: {=_xlfn.IFS(AJ28="Exceeds", "Top Performer", AJ28="Fully Meets", "Solid Performer", AJ28="Needs Improvement", "Underperformer", AJ28="PIP", "At Risk")} -> Solid Performer | G28: {=_xlfn.IFS(AE28="Active", "Retained", AE28="Voluntarily Terminated", "Voluntary Exit", AE28="Terminated for Cause", "Involuntary Exit")} -> Retained | H28: 10081 | I28: 1 | J28: 1 | K28: 0 | L28: 1 | M28: 1 | N28: 3 | O28: 1 | P28: 106367 | Q28: 0 | R28: 26 | S28: Sr. Accountant | T28: MA | U28: 2468 | V28: 31871 | W28: F | X28: Married | Y28: US Citizen | Z28: No | AA28: Black or African American | AB28: 42051 | AD28: N/A-StillEmployed | AE28: Active | AF28: Admin Offices | AG28: Brandon R. LeBlanc | AH28: 3 | AI28: Diversity Job Fair | AJ28: Fully Meets | AK28: 5 | AL28: 4 | AM28: 3 | AN28: 43514 | AO28: 0 | AP28: 4
A29: Bozzi, Charles | B29: =TRIM(MID(A29, FIND(",", A29)+1, LEN(A29))) -> Charles | C29: =TRIM(LEFT(A29, FIND(",", A29)-1)) -> Bozzi | D29: =IFERROR(DATEDIF(AB29, AC29, "Y"), DATEDIF(AB29, TODAY(), "Y")) -> 0 | E29: {=_xlfn.IFS(P29<40000, "Low", P29<70000, "MID", P29<100000, "HIGH", P29>=100000, "Executive")} -> HIGH | F29: {=_xlfn.IFS(AJ29="Exceeds", "Top Performer", AJ29="Fully Meets", "Solid Performer", AJ29="Needs Improvement", "Underperformer", AJ29="PIP", "At Risk")} -> Solid Performer | G29: {=_xlfn.IFS(AE29="Active", "Retained", AE29="Voluntarily Terminated", "Voluntary Exit", AE29="Terminated for Cause", "Involuntary Exit")} -> Voluntary Exit | H29: 10175 | I29: 0 | J29: 0 | K29: 1 | L29: 5 | M29: 5 | N29: 3 | O29: 0 | P29: 74312 | Q29: 1 | R29: 18 | S29: Production Manager | T29: MA | U29: 1901 | V29: 25637 | W29: M | X29: Single | Y29: US Citizen | Z29: No | AA29: Asian | AB29: 41547 | AC29: 41858 | AD29: retiring | AE29: Voluntarily Terminated | AF29: Production | AG29: Janet King | AH29: 2 | AI29: Indeed | AJ29: Fully Meets | AK29: 3.39 | AL29: 3 | AM29: 0 | AN29: 41690 | AO29: 0 | AP29: 14
A30: Brill, Donna | B30: =TRIM(MID(A30, FIND(",", A30)+1, LEN(A30))) -> Donna | C30: =TRIM(LEFT(A30, FIND(",", A30)-1)) -> Brill | D30: =IFERROR(DATEDIF(AB30, AC30, "Y"), DATEDIF(AB30, TODAY(), "Y")) -> 1 | E30: {=_xlfn.IFS(P30<40000, "Low", P30<70000, "MID", P30<100000, "HIGH", P30>=100000, "Executive")} -> MID | F30: {=_xlfn.IFS(AJ30="Exceeds", "Top Performer", AJ30="Fully Meets", "Solid Performer", AJ30="Needs Improvement", "Underperformer", AJ30="PIP", "At Risk")} -> Solid Performer | G30: {=_xlfn.IFS(AE30="Active", "Retained", AE30="Voluntarily Terminated", "Voluntary Exit", AE30="Terminated for Cause", "Involuntary Exit")} -> Voluntary Exit | H30: 10177 | I30: 1 | J30: 1 | K30: 0 | L30: 5 | M30: 5 | N30: 3 | O30: 0 | P30: 53492 | Q30: 1 | R30: 19 | S30: Production Technician I | T30: MA | U30: 1701 | V30: 33109 | W30: F | X30: Married | Y30: US Citizen | Z30: No | AA30: White | AB30: 41001 | AC30: 41440 | AD30: Another position | AE30: Voluntarily Terminated | AF30: Production | AG30: David Stanley | AH30: 14 | AI30: Google Search | AJ30: Fully Meets | AK30: 3.35 | AL30: 4 | AM30: 0 | AN30: 41337 | AO30: 0 | AP30: 6
A31: Brown, Mia | B31: =TRIM(MID(A31, FIND(",", A31)+1, LEN(A31))) -> Mia | C31: =TRIM(LEFT(A31, FIND(",", A31)-1)) -> Brown | D31: =IFERROR(DATEDIF(AB31, AC31, "Y"), DATEDIF(AB31, TODAY(), "Y")) -> 17 | E31: {=_xlfn.IFS(P31<40000, "Low", P31<70000, "MID", P31<100000, "HIGH", P31>=100000, "Executive")} -> MID | F31: {=_xlfn.IFS(AJ31="Exceeds", "Top Performer", AJ31="Fully Meets", "Solid Performer", AJ31="Needs Improvement", "Underperformer", AJ31="PIP", "At Risk")} -> Solid Performer | G31: {=_xlfn.IFS(AE31="Active", "Retained", AE31="Voluntarily Terminated", "Voluntary Exit", AE31="Terminated for Cause", "Involuntary Exit")} -> Retained | H31: 10238 | I31: 1 | J31: 1 | K31: 0 | L31: 1 | M31: 1 | N31: 3 | O31: 1 | P31: 63000 | Q31: 0 | R31: 1 | S31: Accountant I | T31: MA | U31: 1450 | V31: 32105 | W31: F | X31: Married | Y31: US Citizen | Z31: No | AA31: Black or African American | AB31: 39748 | AD31: N/A-StillEmployed | AE31: Active | AF31: Admin Offices | AG31: Brandon R. LeBlanc | AH31: 1 | AI31: Diversity Job Fair | AJ31: Fully Meets | AK31: 4.5 | AL31: 2 | AM31: 6 | AN31: 43480 | AO31: 0 | AP31: 14
A32: Buccheri, Joseph | B32: =TRIM(MID(A32, FIND(",", A32)+1, LEN(A32))) -> Joseph | C32: =TRIM(LEFT(A32, FIND(",", A32)-1)) -> Buccheri | D32: =IFERROR(DATEDIF(AB32, AC32, "Y"), DATEDIF(AB32, TODAY(), "Y")) -> 11 | E32: {=_xlfn.IFS(P32<40000, "Low", P32<70000, "MID", P32<100000, "HIGH", P32>=100000, "Executive")} -> MID | F32: {=_xlfn.IFS(AJ32="Exceeds", "Top Performer", AJ32="Fully Meets", "Solid Performer", AJ32="Needs Improvement", "Underperformer", AJ32="PIP", "At Risk")} -> Solid Performer | G32: {=_xlfn.IFS(AE32="Active", "Retained", AE32="Voluntarily Terminated", "Voluntary Exit", AE32="Terminated for Cause", "Involuntary Exit")} -> Retained | H32: 10184 | I32: 0 | J32: 0 | K32: 1 | L32: 1 | M32: 5 | N32: 3 | O32: 0 | P32: 65288 | Q32: 0 | R32: 20 | S32: Production Technician II | T32: MA | U32: 1013 | V32: 30525 | W32: M | X32: Single | Y32: US Citizen | Z32: No | AA32: White | AB32: 41911 | AD32: N/A-StillEmployed | AE32: Active | AF32: Production | AG32: Webster Butler | AI32: Google Search | AJ32: Fully Meets | AK32: 3.19 | AL32: 3 | AM32: 0 | AN32: 43497 | AO32: 0 | AP32: 9
A33: Bugali, Josephine | B33: =TRIM(MID(A33, FIND(",", A33)+1, LEN(A33))) -> Josephine | C33: =TRIM(LEFT(A33, FIND(",", A33)-1)) -> Bugali | D33: =IFERROR(DATEDIF(AB33, AC33, "Y"), DATEDIF(AB33, TODAY(), "Y")) -> 12 | E33: {=_xlfn.IFS(P33<40000, "Low", P33<70000, "MID", P33<100000, "HIGH", P33>=100000, "Executive")} -> MID | F33: {=_xlfn.IFS(AJ33="Exceeds", "Top Performer", AJ33="Fully Meets", "Solid Performer", AJ33="Needs Improvement", "Underperformer", AJ33="PIP", "At Risk")} -> Solid Performer | G33: {=_xlfn.IFS(AE33="Active", "Retained", AE33="Voluntarily Terminated", "Voluntary Exit", AE33="Terminated for Cause", "Involuntary Exit")} -> Retained | H33: 10203 | I33: 0 | J33: 3 | K33: 0 | L33: 3 | M33: 5 | N33: 3 | O33: 1 | P33: 64375 | Q33: 0 | R33: 19 | S33: Production Technician I | T33: MA | U33: 2043 | V33: 25506 | W33: F | X33: Separated | Y33: US Citizen | Z33: No | AA33: Black or African American | AB33: 41589 | AD33: N/A-StillEmployed | AE33: Active | AF33: Production | AG33: Kissy Sullivan | AH33: 20 | AI33: Diversity Job Fair | AJ33: Fully Meets | AK33: 3.5 | AL33: 5 | AM33: 0 | AN33: 43486 | AO33: 0 | AP33: 17
A34: Bunbury, Jessica | B34: =TRIM(MID(A34, FIND(",", A34)+1, LEN(A34))) -> Jessica | C34: =TRIM(LEFT(A34, FIND(",", A34)-1)) -> Bunbury | D34: =IFERROR(DATEDIF(AB34, AC34, "Y"), DATEDIF(AB34, TODAY(), "Y")) -> 2 | E34: {=_xlfn.IFS(P34<40000, "Low", P34<70000, "MID", P34<100000, "HIGH", P34>=100000, "Executive")} -> HIGH | F34: {=_xlfn.IFS(AJ34="Exceeds", "Top Performer", AJ34="Fully Meets", "Solid Performer", AJ34="Needs Improvement", "Underperformer", AJ34="PIP", "At Risk")} -> Solid Performer | G34: {=_xlfn.IFS(AE34="Active", "Retained", AE34="Voluntarily Terminated", "Voluntary Exit", AE34="Terminated for Cause", "Involuntary Exit")} -> Voluntary Exit | H34: 10188 | I34: 1 | J34: 1 | K34: 0 | L34: 5 | M34: 6 | N34: 3 | O34: 0 | P34: 74326 | Q34: 1 | R34: 3 | S34: Area Sales Manager | T34: VA | U34: 21851 | V34: 23529 | W34: F | X34: Married | Y34: Eligible NonCitizen | Z34: No | AA34: Black or African American | AB34: 40770 | AC34: 41853 | AD34: Another position | AE34: Voluntarily Terminated | AF34: Sales | AG34: John Smith | AH34: 17 | AI34: Google Search | AJ34: Fully Meets | AK34: 3.14 | AL34: 5 | AM34: 0 | AN34: 41315 | AO34: 1 | AP34: 19
A35: Burke, Joelle | B35: =TRIM(MID(A35, FIND(",", A35)+1, LEN(A35))) -> Joelle | C35: =TRIM(LEFT(A35, FIND(",", A35)-1)) -> Burke | D35: =IFERROR(DATEDIF(AB35, AC35, "Y"), DATEDIF(AB35, TODAY(), "Y")) -> 14 | E35: {=_xlfn.IFS(P35<40000, "Low", P35<70000, "MID", P35<100000, "HIGH", P35>=100000, "Executive")} -> MID | F35: {=_xlfn.IFS(AJ35="Exceeds", "Top Performer", AJ35="Fully Meets", "Solid Performer", AJ35="Needs Improvement", "Underperformer", AJ35="PIP", "At Risk")} -> Solid Performer | G35: {=_xlfn.IFS(AE35="Active", "Retained", AE35="Voluntarily Terminated", "Voluntary Exit", AE35="Terminated for Cause", "Involuntary Exit")} -> Retained | H35: 10107 | I35: 0 | J35: 0 | K35: 0 | L35: 1 | M35: 5 | N35: 3 | O35: 0 | P35: 63763 | Q35: 0 | R35: 20 | S35: Production Technician II | T35: MA | U35: 2148 | V35: 29282 | W35: F | X35: Single | Y35: US Citizen | Z35: No | AA35: Black or African American | AB35: 40973 | AD35: N/A-StillEmployed | AE35: Active | AF35: Production | AG35: Amy Dunn | AH35: 11 | AI35: Employee Referral | AJ35: Fully Meets | AK35: 4.51 | AL35: 4 | AM35: 0 | AN35: 43517 | AO35: 0 | AP35: 3
A36: Burkett, Benjamin | B36: =TRIM(MID(A36, FIND(",", A36)+1, LEN(A36))) -> Benjamin | C36: =TRIM(LEFT(A36, FIND(",", A36)-1)) -> Burkett | D36: =IFERROR(DATEDIF(AB36, AC36, "Y"), DATEDIF(AB36, TODAY(), "Y")) -> 14 | E36: {=_xlfn.IFS(P36<40000, "Low", P36<70000, "MID", P36<100000, "HIGH", P36>=100000, "Executive")} -> MID | F36: {=_xlfn.IFS(AJ36="Exceeds", "Top Performer", AJ36="Fully Meets", "Solid Performer", AJ36="Needs Improvement", "Underperformer", AJ36="PIP", "At Risk")} -> Solid Performer | G36: {=_xlfn.IFS(AE36="Active", "Retained", AE36="Voluntarily Terminated", "Voluntary Exit", AE36="Terminated for Cause", "Involuntary Exit")} -> Retained | H36: 10181 | I36: 1 | J36: 1 | K36: 1 | L36: 1 | M36: 5 | N36: 3 | O36: 0 | P36: 62162 | Q36: 0 | R36: 20 | S36: Production Technician II | T36: MA | U36: 1890 | V36: 28356 | W36: M | X36: Married | Y36: US Citizen | Z36: No | AA36: White | AB36: 40637 | AD36: N/A-StillEmployed | AE36: Active | AF36: Production | AG36: Ketsia Liebig | AH36: 19 | AI36: Indeed | AJ36: Fully Meets | AK36: 3.25 | AL36: 5 | AM36: 0 | AN36: 43479 | AO36: 0 | AP36: 15
A37: Cady, Max | B37: =TRIM(MID(A37, FIND(",", A37)+1, LEN(A37))) -> Max | C37: =TRIM(LEFT(A37, FIND(",", A37)-1)) -> Cady | D37: =IFERROR(DATEDIF(AB37, AC37, "Y"), DATEDIF(AB37, TODAY(), "Y")) -> 14 | E37: {=_xlfn.IFS(P37<40000, "Low", P37<70000, "MID", P37<100000, "HIGH", P37>=100000, "Executive")} -> HIGH | F37: {=_xlfn.IFS(AJ37="Exceeds", "Top Performer", AJ37="Fully Meets", "Solid Performer", AJ37="Needs Improvement", "Underperformer", AJ37="PIP", "At Risk")} -> Solid Performer | G37: {=_xlfn.IFS(AE37="Active", "Retained", AE37="Voluntarily Terminated", "Voluntary Exit", AE37="Terminated for Cause", "Involuntary Exit")} -> Retained | H37: 10150 | I37: 0 | J37: 0 | K37: 1 | L37: 1 | M37: 4 | N37: 3 | O37: 0 | P37: 77692 | Q37: 0 | R37: 25 | S37: Software Engineering Manager | T37: MA | U37: 2184 | V37: 24433 | W37: M | X37: Single | Y37: US Citizen | Z37: No | AA37: White | AB37: 40770 | AD37: N/A-StillEmployed | AE37: Active | AF37: Software Engineering | AG37: Jennifer Zamora | AH37: 5 | AI37: Google Search | AJ37: Fully Meets | AK37: 3.84 | AL37: 3 | AM37: 5 | AN37: 43486 | AO37: 0 | AP37: 4
A38: Candie, Calvin | B38: =TRIM(MID(A38, FIND(",", A38)+1, LEN(A38))) -> Calvin | C38: =TRIM(LEFT(A38, FIND(",", A38)-1)) -> Candie | D38: =IFERROR(DATEDIF(AB38, AC38, "Y"), DATEDIF(AB38, TODAY(), "Y")) -> 10 | E38: {=_xlfn.IFS(P38<40000, "Low", P38<70000, "MID", P38<100000, "HIGH", P38>=100000, "Executive")} -> HIGH | F38: {=_xlfn.IFS(AJ38="Exceeds", "Top Performer", AJ38="Fully Meets", "Solid Performer", AJ38="Needs Improvement", "Underperformer", AJ38="PIP", "At Risk")} -> Top Performer | G38: {=_xlfn.IFS(AE38="Active", "Retained", AE38="Voluntarily Terminated", "Voluntary Exit", AE38="Terminated for Cause", "Involuntary Exit")} -> Retained | H38: 10001 | I38: 0 | J38: 0 | K38: 1 | L38: 1 | M38: 5 | N38: 4 | O38: 0 | P38: 72640 | Q38: 0 | R38: 18 | S38: Production Manager | T38: MA | U38: 2169 | V38: 30537 | W38: M | X38: Single | Y38: US Citizen | Z38: No | AA38: White | AB38: 42397 | AD38: N/A-StillEmployed | AE38: Active | AF38: Production | AG38: Janet King | AH38: 2 | AI38: Indeed | AJ38: Exceeds | AK38: 5 | AL38: 3 | AM38: 0 | AN38: 43518 | AO38: 0 | AP38: 14
A39: Carabbio, Judith | B39: =TRIM(MID(A39, FIND(",", A39)+1, LEN(A39))) -> Judith | C39: =TRIM(LEFT(A39, FIND(",", A39)-1)) -> Carabbio | D39: =IFERROR(DATEDIF(AB39, AC39, "Y"), DATEDIF(AB39, TODAY(), "Y")) -> 12 | E39: {=_xlfn.IFS(P39<40000, "Low", P39<70000, "MID", P39<100000, "HIGH", P39>=100000, "Executive")} -> HIGH | F39: {=_xlfn.IFS(AJ39="Exceeds", "Top Performer", AJ39="Fully Meets", "Solid Performer", AJ39="Needs Improvement", "Underperformer", AJ39="PIP", "At Risk")} -> Solid Performer | G39: {=_xlfn.IFS(AE39="Active", "Retained", AE39="Voluntarily Terminated", "Voluntary Exit", AE39="Terminated for Cause", "Involuntary Exit")} -> Retained | H39: 10085 | I39: 0 | J39: 0 | K39: 0 | L39: 1 | M39: 4 | N39: 3 | O39: 0 | P39: 93396 | Q39: 0 | R39: 24 | S39: Software Engineer | T39: MA | U39: 2132 | V39: 31872 | W39: F | X39: Single | Y39: US Citizen | Z39: No | AA39: White | AB39: 41589 | AD39: N/A-StillEmployed | AE39: Active | AF39: Software Engineering | AG39: Alex Sweetwater | AH39: 10 | AI39: Indeed | AJ39: Fully Meets | AK39: 4.96 | AL39: 4 | AM39: 6 | AN39: 43495 | AO39: 0 | AP39: 3
A40: Carey, Michael | B40: =TRIM(MID(A40, FIND(",", A40)+1, LEN(A40))) -> Michael | C40: =TRIM(LEFT(A40, FIND(",", A40)-1)) -> Carey | D40: =IFERROR(DATEDIF(AB40, AC40, "Y"), DATEDIF(AB40, TODAY(), "Y")) -> 12 | E40: {=_xlfn.IFS(P40<40000, "Low", P40<70000, "MID", P40<100000, "HIGH", P40>=100000, "Executive")} -> MID | F40: {=_xlfn.IFS(AJ40="Exceeds", "Top Performer", AJ40="Fully Meets", "Solid Performer", AJ40="Needs Improvement", "Underperformer", AJ40="PIP", "At Risk")} -> Solid Performer | G40: {=_xlfn.IFS(AE40="Active", "Retained", AE40="Voluntarily Terminated", "Voluntary Exit", AE40="Terminated for Cause", "Involuntary Exit")} -> Retained | H40: 10115 | I40: 0 | J40: 0 | K40: 1 | L40: 1 | M40: 5 | N40: 3 | O40: 0 | P40: 52846 | Q40: 0 | R40: 19 | S40: Production Technician I | T40: MA | U40: 1701 | V40: 30349 | W40: M | X40: Single | Y40: US Citizen | Z40: No | AA40: Black or African American | AB40: 41729 | AD40: N/A-StillEmployed | AE40: Active | AF40: Production | AG40: Kelley Spirea | AH40: 18 | AI40: LinkedIn | AJ40: Fully Meets | AK40: 4.43 | AL40: 3 | AM40: 0 | AN40: 43497 | AO40: 0 | AP40: 14
A41: Carr, Claudia N | B41: =TRIM(MID(A41, FIND(",", A41)+1, LEN(A41))) -> Claudia N | C41: =TRIM(LEFT(A41, FIND(",", A41)-1)) -> Carr | D41: =IFERROR(DATEDIF(AB41, AC41, "Y"), DATEDIF(AB41, TODAY(), "Y")) -> 9 | E41: {=_xlfn.IFS(P41<40000, "Low", P41<70000, "MID", P41<100000, "HIGH", P41>=100000, "Executive")} -> Executive | F41: {=_xlfn.IFS(AJ41="Exceeds", "Top Performer", AJ41="Fully Meets", "Solid Performer", AJ41="Needs Improvement", "Underperformer", AJ41="PIP", "At Risk")} -> Solid Performer | G41: {=_xlfn.IFS(AE41="Active", "Retained", AE41="Voluntarily Terminated", "Voluntary Exit", AE41="Terminated for Cause", "Involuntary Exit")} -> Retained | H41: 10082 | I41: 0 | J41: 0 | K41: 0 | L41: 2 | M41: 3 | N41: 3 | O41: 0 | P41: 100031 | Q41: 0 | R41: 27 | S41: Sr. DBA | T41: MA | U41: 1886 | V41: 31569 | W41: F | X41: Single | Y41: US Citizen | Z41: No | AA41: Black or African American | AB41: 42551 | AD41: N/A-StillEmployed | AE41: Active | AF41: IT/IS | AG41: Simon Roup | AH41: 4 | AI41: LinkedIn | AJ41: Fully Meets | AK41: 5 | AL41: 5 | AM41: 6 | AN41: 43514 | AO41: 0 | AP41: 7
A42: Carter, Michelle | B42: =TRIM(MID(A42, FIND(",", A42)+1, LEN(A42))) -> Michelle | C42: =TRIM(LEFT(A42, FIND(",", A42)-1)) -> Carter | D42: =IFERROR(DATEDIF(AB42, AC42, "Y"), DATEDIF(AB42, TODAY(), "Y")) -> 11 | E42: {=_xlfn.IFS(P42<40000, "Low", P42<70000, "MID", P42<100000, "HIGH", P42>=100000, "Executive")} -> HIGH | F42: {=_xlfn.IFS(AJ42="Exceeds", "Top Performer", AJ42="Fully Meets", "Solid Performer", AJ42="Needs Improvement", "Underperformer", AJ42="PIP", "At Risk")} -> Solid Performer | G42: {=_xlfn.IFS(AE42="Active", "Retained", AE42="Voluntarily Terminated", "Voluntary Exit", AE42="Terminated for Cause", "Involuntary Exit")} -> Retained | H42: 10040 | I42: 0 | J42: 0 | K42: 0 | L42: 1 | M42: 6 | N42: 3 | O42: 0 | P42: 71860 | Q42: 0 | R42: 3 | S42: Area Sales Manager | T42: VT | U42: 5664 | V42: 23146 | W42: F | X42: Single | Y42: US Citizen | Z42: No | AA42: White | AB42: 41869 | AD42: N/A-StillEmployed | AE42: Active | AF42: Sales | AG42: John Smith | AH42: 17 | AI42: Indeed | AJ42: Fully Meets | AK42: 5 | AL42: 5 | AM42: 0 | AN42: 43486 | AO42: 0 | AP42: 7
A43: Chace, Beatrice | B43: =TRIM(MID(A43, FIND(",", A43)+1, LEN(A43))) -> Beatrice | C43: =TRIM(LEFT(A43, FIND(",", A43)-1)) -> Chace | D43: =IFERROR(DATEDIF(AB43, AC43, "Y"), DATEDIF(AB43, TODAY(), "Y")) -> 11 | E43: {=_xlfn.IFS(P43<40000, "Low", P43<70000, "MID", P43<100000, "HIGH", P43>=100000, "Executive")} -> MID | F43: {=_xlfn.IFS(AJ43="Exceeds", "Top Performer", AJ43="Fully Meets", "Solid Performer", AJ43="Needs Improvement", "Underperformer", AJ43="PIP", "At Risk")} -> Solid Performer | G43: {=_xlfn.IFS(AE43="Active", "Retained", AE43="Voluntarily Terminated", "Voluntary Exit", AE43="Terminated for Cause", "Involuntary Exit")} -> Retained | H43: 10067 | I43: 0 | J43: 0 | K43: 0 | L43: 1 | M43: 5 | N43: 3 | O43: 0 | P43: 61656 | Q43: 0 | R43: 19 | S43: Production Technician I | T43: MA | U43: 2763 | V43: 18630 | W43: F | X43: Single | Y43: US Citizen | Z43: No | AA43: White | AB43: 41911 | AD43: N/A-StillEmployed | AE43: Active | AF43: Production | AG43: Michael Albert | AH43: 22 | AI43: Google Search | AJ43: Fully Meets | AK43: 5 | AL43: 4 | AM43: 0 | AN43: 43508 | AO43: 0 | AP43: 11
A44: Champaigne, Brian | B44: =TRIM(MID(A44, FIND(",", A44)+1, LEN(A44))) -> Brian | C44: =TRIM(LEFT(A44, FIND(",", A44)-1)) -> Champaigne | D44: =IFERROR(DATEDIF(AB44, AC44, "Y"), DATEDIF(AB44, TODAY(), "Y")) -> 9 | E44: {=_xlfn.IFS(P44<40000, "Low", P44<70000, "MID", P44<100000, "HIGH", P44>=100000, "Executive")} -> Executive | F44: {=_xlfn.IFS(AJ44="Exceeds", "Top Performer", AJ44="Fully Meets", "Solid Performer", AJ44="Needs Improvement", "Underperformer", AJ44="PIP", "At Risk")} -> Solid Performer | G44: {=_xlfn.IFS(AE44="Active", "Retained", AE44="Voluntarily Terminated", "Voluntary Exit", AE44="Terminated for Cause", "Involuntary Exit")} -> Retained | H44: 10108 | I44: 1 | J44: 1 | K44: 1 | L44: 1 | M44: 3 | N44: 3 | O44: 0 | P44: 110929 | Q44: 0 | R44: 5 | S44: BI Director | T44: MA | U44: 2045 | V44: 26338 | W44: M | X44: Married | Y44: US Citizen | Z44: No | AA44: White | AB44: 42619 | AD44: N/A-StillEmployed | AE44: Active | AF44: IT/IS | AG44: Jennifer Zamora | AH44: 5 | AI44: Indeed | AJ44: Fully Meets | AK44: 4.5 | AL44: 5 | AM44: 7 | AN44: 43480 | AO44: 0 | AP44: 8
A45: Chan, Lin | B45: =TRIM(MID(A45, FIND(",", A45)+1, LEN(A45))) -> Lin | C45: =TRIM(LEFT(A45, FIND(",", A45)-1)) -> Chan | D45: =IFERROR(DATEDIF(AB45, AC45, "Y"), DATEDIF(AB45, TODAY(), "Y")) -> 11 | E45: {=_xlfn.IFS(P45<40000, "Low", P45<70000, "MID", P45<100000, "HIGH", P45>=100000, "Executive")} -> MID | F45: {=_xlfn.IFS(AJ45="Exceeds", "Top Performer", AJ45="Fully Meets", "Solid Performer", AJ45="Needs Improvement", "Underperformer", AJ45="PIP", "At Risk")} -> Solid Performer | G45: {=_xlfn.IFS(AE45="Active", "Retained", AE45="Voluntarily Terminated", "Voluntary Exit", AE45="Terminated for Cause", "Involuntary Exit")} -> Retained | H45: 10210 | I45: 0 | J45: 0 | K45: 0 | L45: 1 | M45: 5 | N45: 3 | O45: 0 | P45: 54237 | Q45: 0 | R45: 19 | S45: Production Technician I | T45: MA | U45: 2170 | V45: 28898 | W45: F | X45: Single | Y45: US Citizen | Z45: No | AA45: White | AB45: 41771 | AD45: N/A-StillEmployed | AE45: Active | AF45: Production | AG45: Elijiah Gray | AH45: 16 | AI45: Indeed | AJ45: Fully Meets | AK45: 3.3 | AL45: 4 | AM45: 0 | AN45: 43515 | AO45: 0 | AP45: 11
A46: Chang, Donovan E | B46: =TRIM(MID(A46, FIND(",", A46)+1, LEN(A46))) -> Donovan E | C46: =TRIM(LEFT(A46, FIND(",", A46)-1)) -> Chang | D46: =IFERROR(DATEDIF(AB46, AC46, "Y"), DATEDIF(AB46, TODAY(), "Y")) -> 12 | E46: {=_xlfn.IFS(P46<40000, "Low", P46<70000, "MID", P46<100000, "HIGH", P46>=100000, "Executive")} -> MID | F46: {=_xlfn.IFS(AJ46="Exceeds", "Top Performer", AJ46="Fully Meets", "Solid Performer", AJ46="Needs Improvement", "Underperformer", AJ46="PIP", "At Risk")} -> Solid Performer | G46: {=_xlfn.IFS(AE46="Active", "Retained", AE46="Voluntarily Terminated", "Voluntary Exit", AE46="Terminated for Cause", "Involuntary Exit")} -> Retained | H46: 10154 | I46: 0 | J46: 0 | K46: 1 | L46: 1 | M46: 5 | N46: 3 | O46: 0 | P46: 60380 | Q46: 0 | R46: 19 | S46: Production Technician I | T46: MA | U46: 1845 | V46: 30552 | W46: M | X46: Single | Y46: US Citizen | Z46: No | AA46: White | AB46: 41463 | AD46: N/A-StillEmployed | AE46: Active | AF46: Production | AG46: Webster Butler | AI46: LinkedIn | AJ46: Fully Meets | AK46: 3.8 | AL46: 5 | AM46: 0 | AN46: 43479 | AO46: 0 | AP46: 4
A47: Chigurh, Anton | B47: =TRIM(MID(A47, FIND(",", A47)+1, LEN(A47))) -> Anton | C47: =TRIM(LEFT(A47, FIND(",", A47)-1)) -> Chigurh | D47: =IFERROR(DATEDIF(AB47, AC47, "Y"), DATEDIF(AB47, TODAY(), "Y")) -> 13 | E47: {=_xlfn.IFS(P47<40000, "Low", P47<70000, "MID", P47<100000, "HIGH", P47>=100000, "Executive")} -> MID | F47: {=_xlfn.IFS(AJ47="Exceeds", "Top Performer", AJ47="Fully Meets", "Solid Performer", AJ47="Needs Improvement", "Underperformer", AJ47="PIP", "At Risk")} -> Solid Performer | G47: {=_xlfn.IFS(AE47="Active", "Retained", AE47="Voluntarily Terminated", "Voluntary Exit", AE47="Terminated for Cause", "Involuntary Exit")} -> Retained | H47: 10200 | I47: 0 | J47: 0 | K47: 1 | L47: 1 | M47: 6 | N47: 3 | O47: 0 | P47: 66808 | Q47: 0 | R47: 3 | S47: Area Sales Manager | T47: TX | U47: 78207 | V47: 25730 | W47: M | X47: Single | Y47: Eligible NonCitizen | Z47: No | AA47: Black or African American | AB47: 41043 | AD47: N/A-StillEmployed | AE47: Active | AF47: Sales | AG47: Lynn Daneault | AH47: 21 | AI47: Employee Referral | AJ47: Fully Meets | AK47: 3 | AL47: 5 | AM47: 0 | AN47: 43484 | AO47: 0 | AP47: 17
A48: Chivukula, Enola | B48: =TRIM(MID(A48, FIND(",", A48)+1, LEN(A48))) -> Enola | C48: =TRIM(LEFT(A48, FIND(",", A48)-1)) -> Chivukula | D48: =IFERROR(DATEDIF(AB48, AC48, "Y"), DATEDIF(AB48, TODAY(), "Y")) -> 4 | E48: {=_xlfn.IFS(P48<40000, "Low", P48<70000, "MID", P48<100000, "HIGH", P48>=100000, "Executive")} -> MID | F48: {=_xlfn.IFS(AJ48="Exceeds", "Top Performer", AJ48="Fully Meets", "Solid Performer", AJ48="Needs Improvement", "Underperformer", AJ48="PIP", "At Risk")} -> Solid Performer | G48: {=_xlfn.IFS(AE48="Active", "Retained", AE48="Voluntarily Terminated", "Voluntary Exit", AE48="Terminated for Cause", "Involuntary Exit")} -> Voluntary Exit | H48: 10240 | I48: 0 | J48: 0 | K48: 0 | L48: 5 | M48: 5 | N48: 3 | O48: 0 | P48: 64786 | Q48: 1 | R48: 19 | S48: Production Technician I | T48: MA | U48: 1775 | V48: 30555 | W48: F | X48: Single | Y48: US Citizen | Z48: No | AA48: White | AB48: 40721 | AC48: 42323 | AD48: relocation out of area | AE48: Voluntarily Terminated | AF48: Production | AG48: Amy Dunn | AH48: 11 | AI48: Indeed | AJ48: Fully Meets | AK48: 4.3 | AL48: 4 | AM48: 0 | AN48: 42073 | AO48: 0 | AP48: 3
A49: Cierpiszewski, Caroline | B49: =TRIM(MID(A49, FIND(",", A49)+1, LEN(A49))) -> Caroline | C49: =TRIM(LEFT(A49, FIND(",", A49)-1)) -> Cierpiszewski | D49: =IFERROR(DATEDIF(AB49, AC49, "Y"), DATEDIF(AB49, TODAY(), "Y")) -> 14 | E49: {=_xlfn.IFS(P49<40000, "Low", P49<70000, "MID", P49<100000, "HIGH", P49>=100000, "Executive")} -> MID | F49: {=_xlfn.IFS(AJ49="Exceeds", "Top Performer", AJ49="Fully Meets", "Solid Performer", AJ49="Needs Improvement", "Underperformer", AJ49="PIP", "At Risk")} -> Solid Performer | G49: {=_xlfn.IFS(AE49="Active", "Retained", AE49="Voluntarily Terminated", "Voluntary Exit", AE49="Terminated for Cause", "Involuntary Exit")} -> Retained | H49: 10168 | I49: 0 | J49: 0 | K49: 0 | L49: 1 | M49: 5 | N49: 3 | O49: 0 | P49: 64816 | Q49: 0 | R49: 19 | S49: Production Technician I | T49: MA | U49: 2044 | V49: 32294 | W49: F | X49: Single | Y49: Non-Citizen | Z49: No | AA49: Black or African American | AB49: 40819 | AD49: N/A-StillEmployed | AE49: Active | AF49: Production | AG49: Ketsia Liebig | AH49: 19 | AI49: Indeed | AJ49: Fully Meets | AK49: 3.58 | AL49: 5 | AM49: 0 | AN49: 43495 | AO49: 0 | AP49: 3
A50: Clayton, Rick | B50: =TRIM(MID(A50, FIND(",", A50)+1, LEN(A50))) -> Rick | C50: =TRIM(LEFT(A50, FIND(",", A50)-1)) -> Clayton | D50: =IFERROR(DATEDIF(AB50, AC50, "Y"), DATEDIF(AB50, TODAY(), "Y")) -> 13 | E50: {=_xlfn.IFS(P50<40000, "Low", P50<70000, "MID", P50<100000, "HIGH", P50>=100000, "Executive")} -> MID | F50: {=_xlfn.IFS(AJ50="Exceeds", "Top Performer", AJ50="Fully Meets", "Solid Performer", AJ50="Needs Improvement", "Underperformer", AJ50="PIP", "At Risk")} -> Solid Performer | G50: {=_xlfn.IFS(AE50="Active", "Retained", AE50="Voluntarily Terminated", "Voluntary Exit", AE50="Terminated for Cause", "Involuntary Exit")} -> Retained | H50: 10220 | I50: 0 | J50: 0 | K50: 1 | L50: 1 | M50: 3 | N50: 3 | O50: 0 | P50: 68678 | Q50: 0 | R50: 14 | S50: IT Support | T50: MA | U50: 2170 | V50: 31295 | W50: M | X50: Single | Y50: US Citizen | Z50: No | AA50: White | AB50: 41157 | AD50: N/A-StillEmployed | AE50: Active | AF50: IT/IS | AG50: Eric Dougall | AH50: 6 | AI50: Indeed | AJ50: Fully Meets | AK50: 4.7 | AL50: 3 | AM50: 6 | AN50: 43523 | AO50: 0 | AP50: 2
A51: Cloninger, Jennifer | B51: =TRIM(MID(A51, FIND(",", A51)+1, LEN(A51))) -> Jennifer | C51: =TRIM(LEFT(A51, FIND(",", A51)-1)) -> Cloninger | D51: =IFERROR(DATEDIF(AB51, AC51, "Y"), DATEDIF(AB51, TODAY(), "Y")) -> 1 | E51: {=_xlfn.IFS(P51<40000, "Low", P51<70000, "MID", P51<100000, "HIGH", P51>=100000, "Executive")} -> MID | F51: {=_xlfn.IFS(AJ51="Exceeds", "Top Performer", AJ51="Fully Meets", "Solid Performer", AJ51="Needs Improvement", "Underperformer", AJ51="PIP", "At Risk")} -> Solid Performer | G51: {=_xlfn.IFS(AE51="Active", "Retained", AE51="Voluntarily Terminated", "Voluntary Exit", AE51="Terminated for Cause", "Involuntary Exit")} -> Voluntary Exit | H51: 10275 | I51: 1 | J51: 1 | K51: 0 | L51: 5 | M51: 5 | N51: 3 | O51: 0 | P51: 64066 | Q51: 1 | R51: 20 | S51: Production Technician II | T51: MA | U51: 1752 | V51: 29829 | W51: F | X51: Married | Y51: US Citizen | Z51: No | AA51: White | AB51: 40679 | AC51: 41281 | AD51: unhappy | AE51: Voluntarily Terminated | AF51: Production | AG51: Brannon Miller | AH51: 12 | AI51: Google Search | AJ51: Fully Meets | AK51: 4.2 | AL51: 5 | AM51: 0 | AN51: 41032 | AO51: 0 | AP51: 9
A52: Close, Phil | B52: =TRIM(MID(A52, FIND(",", A52)+1, LEN(A52))) -> Phil | C52: =TRIM(LEFT(A52, FIND(",", A52)-1)) -> Close | D52: =IFERROR(DATEDIF(AB52, AC52, "Y"), DATEDIF(AB52, TODAY(), "Y")) -> 1 | E52: {=_xlfn.IFS(P52<40000, "Low", P52<70000, "MID", P52<100000, "HIGH", P52>=100000, "Executive")} -> MID | F52: {=_xlfn.IFS(AJ52="Exceeds", "Top Performer", AJ52="Fully Meets", "Solid Performer", AJ52="Needs Improvement", "Underperformer", AJ52="PIP", "At Risk")} -> Solid Performer | G52: {=_xlfn.IFS(AE52="Active", "Retained", AE52="Voluntarily Terminated", "Voluntary Exit", AE52="Terminated for Cause", "Involuntary Exit")} -> Voluntary Exit | H52: 10269 | I52: 1 | J52: 1 | K52: 1 | L52: 5 | M52: 5 | N52: 3 | O52: 0 | P52: 59369 | Q52: 1 | R52: 20 | S52: Production Technician II | T52: MA | U52: 2169 | V52: 28819 | W52: M | X52: Married | Y52: US Citizen | Z52: No | AA52: White | AB52: 40420 | AC52: 40812 | AD52: career change | AE52: Voluntarily Terminated | AF52: Production | AG52: David Stanley | AH52: 14 | AI52: Indeed | AJ52: Fully Meets | AK52: 4.2 | AL52: 4 | AM52: 0 | AN52: 40667 | AO52: 0 | AP52: 6
A53: Clukey, Elijian | B53: =TRIM(MID(A53, FIND(",", A53)+1, LEN(A53))) -> Elijian | C53: =TRIM(LEFT(A53, FIND(",", A53)-1)) -> Clukey | D53: =IFERROR(DATEDIF(AB53, AC53, "Y"), DATEDIF(AB53, TODAY(), "Y")) -> 9 | E53: {=_xlfn.IFS(P53<40000, "Low", P53<70000, "MID", P53<100000, "HIGH", P53>=100000, "Executive")} -> MID | F53: {=_xlfn.IFS(AJ53="Exceeds", "Top Performer", AJ53="Fully Meets", "Solid Performer", AJ53="Needs Improvement", "Underperformer", AJ53="PIP", "At Risk")} -> Top Performer | G53: {=_xlfn.IFS(AE53="Active", "Retained", AE53="Voluntarily Terminated", "Voluntary Exit", AE53="Terminated for Cause", "Involuntary Exit")} -> Retained | H53: 10029 | I53: 1 | J53: 1 | K53: 1 | L53: 2 | M53: 5 | N53: 4 | O53: 0 | P53: 50373 | Q53: 0 | R53: 19 | S53: Production Technician I | T53: MA | U53: 2134 | V53: 29459 | W53: M | X53: Married | Y53: US Citizen | Z53: No | AA53: White | AB53: 42557 | AD53: N/A-StillEmployed | AE53: Active | AF53: Production | AG53: Brannon Miller | AH53: 12 | AI53: Employee Referral | AJ53: Exceeds | AK53: 4.1 | AL53: 4 | AM53: 0 | AN53: 43524 | AO53: 0 | AP53: 5
A54: Cockel, James | B54: =TRIM(MID(A54, FIND(",", A54)+1, LEN(A54))) -> James | C54: =TRIM(LEFT(A54, FIND(",", A54)-1)) -> Cockel | D54: =IFERROR(DATEDIF(AB54, AC54, "Y"), DATEDIF(AB54, TODAY(), "Y")) -> 12 | E54: {=_xlfn.IFS(P54<40000, "Low", P54<70000, "MID", P54<100000, "HIGH", P54>=100000, "Executive")} -> MID | F54: {=_xlfn.IFS(AJ54="Exceeds", "Top Performer", AJ54="Fully Meets", "Solid Performer", AJ54="Needs Improvement", "Underperformer", AJ54="PIP", "At Risk")} -> Solid Performer | G54: {=_xlfn.IFS(AE54="Active", "Retained", AE54="Voluntarily Terminated", "Voluntary Exit", AE54="Terminated for Cause", "Involuntary Exit")} -> Retained | H54: 10261 | I54: 0 | J54: 0 | K54: 1 | L54: 1 | M54: 5 | N54: 3 | O54: 0 | P54: 63108 | Q54: 0 | R54: 19 | S54: Production Technician I | T54: MA | U54: 2452 | V54: 28376 | W54: M | X54: Single | Y54: US Citizen | Z54: No | AA54: White | AB54: 41463 | AD54: N/A-StillEmployed | AE54: Active | AF54: Production | AG54: David Stanley | AH54: 14 | AI54: Employee Referral | AJ54: Fully Meets | AK54: 4.4 | AL54: 5 | AM54: 0 | AN54: 43479 | AO54: 0 | AP54: 3
A55: Cole, Spencer | B55: =TRIM(MID(A55, FIND(",", A55)+1, LEN(A55))) -> Spencer | C55: =TRIM(LEFT(A55, FIND(",", A55)-1)) -> Cole | D55: =IFERROR(DATEDIF(AB55, AC55, "Y"), DATEDIF(AB55, TODAY(), "Y")) -> 5 | E55: {=_xlfn.IFS(P55<40000, "Low", P55<70000, "MID", P55<100000, "HIGH", P55>=100000, "Executive")} -> MID | F55: {=_xlfn.IFS(AJ55="Exceeds", "Top Performer", AJ55="Fully Meets", "Solid Performer", AJ55="Needs Improvement", "Underperformer", AJ55="PIP", "At Risk")} -> Underperformer | G55: {=_xlfn.IFS(AE55="Active", "Retained", AE55="Voluntarily Terminated", "Voluntary Exit", AE55="Terminated for Cause", "Involuntary Exit")} -> Involuntary Exit | H55: 10292 | I55: 0 | J55: 0 | K55: 1 | L55: 4 | M55: 5 | N55: 2 | O55: 0 | P55: 59144 | Q55: 1 | R55: 19 | S55: Production Technician I | T55: MA | U55: 1880 | V55: 29079 | W55: M | X55: Single | Y55: US Citizen | Z55: No | AA55: Black or African American | AB55: 40735 | AC55: 42636 | AD55: performance | AE55: Terminated for Cause | AF55: Production | AG55: Kissy Sullivan | AH55: 20 | AI55: LinkedIn | AJ55: Needs Improvement | AK55: 2 | AL55: 3 | AM55: 0 | AN55: 42491 | AO55: 5 | AP55: 16
A56: Corleone, Michael | B56: =TRIM(MID(A56, FIND(",", A56)+1, LEN(A56))) -> Michael | C56: =TRIM(LEFT(A56, FIND(",", A56)-1)) -> Corleone | D56: =IFERROR(DATEDIF(AB56, AC56, "Y"), DATEDIF(AB56, TODAY(), "Y")) -> 15 | E56: {=_xlfn.IFS(P56<40000, "Low", P56<70000, "MID", P56<100000, "HIGH", P56>=100000, "Executive")} -> MID | F56: {=_xlfn.IFS(AJ56="Exceeds", "Top Performer", AJ56="Fully Meets", "Solid Performer", AJ56="Needs Improvement", "Underperformer", AJ56="PIP", "At Risk")} -> Underperformer | G56: {=_xlfn.IFS(AE56="Active", "Retained", AE56="Voluntarily Terminated", "Voluntary Exit", AE56="Terminated for Cause", "Involuntary Exit")} -> Retained | H56: 10282 | I56: 0 | J56: 2 | K56: 1 | L56: 1 | M56: 5 | N56: 2 | O56: 0 | P56: 68051 | Q56: 0 | R56: 18 | S56: Production Manager | T56: MA | U56: 1803 | V56: 27745 | W56: M | X56: Divorced | Y56: US Citizen | Z56: No | AA56: White | AB56: 40379 | AD56: N/A-StillEmployed | AE56: Active | AF56: Production | AG56: Janet King | AH56: 2 | AI56: CareerBuilder | AJ56: Needs Improvement | AK56: 4.13 | AL56: 2 | AM56: 0 | AN56: 43479 | AO56: 3 | AP56: 3
A57: Corleone, Vito | B57: =TRIM(MID(A57, FIND(",", A57)+1, LEN(A57))) -> Vito | C57: =TRIM(LEFT(A57, FIND(",", A57)-1)) -> Corleone | D57: =IFERROR(DATEDIF(AB57, AC57, "Y"), DATEDIF(AB57, TODAY(), "Y")) -> 17 | E57: {=_xlfn.IFS(P57<40000, "Low", P57<70000, "MID", P57<100000, "HIGH", P57>=100000, "Executive")} -> Executive | F57: {=_xlfn.IFS(AJ57="Exceeds", "Top Performer", AJ57="Fully Meets", "Solid Performer", AJ57="Needs Improvement", "Underperformer", AJ57="PIP", "At Risk")} -> Top Performer | G57: {=_xlfn.IFS(AE57="Active", "Retained", AE57="Voluntarily Terminated", "Voluntary Exit", AE57="Terminated for Cause", "Involuntary Exit")} -> Retained | H57: 10019 | I57: 0 | J57: 0 | K57: 1 | L57: 1 | M57: 5 | N57: 4 | O57: 0 | P57: 170500 | Q57: 0 | R57: 10 | S57: Director of Operations | T57: MA | U57: 2030 | V57: 30394 | W57: M | X57: Single | Y57: US Citizen | Z57: No | AA57: Black or African American | AB57: 39818 | AD57: N/A-StillEmployed | AE57: Active | AF57: Production | AG57: Janet King | AH57: 2 | AI57: Indeed | AJ57: Exceeds | AK57: 3.7 | AL57: 5 | AM57: 0 | AN57: 43500 | AO57: 0 | AP57: 15
A58: Cornett, Lisa | B58: =TRIM(MID(A58, FIND(",", A58)+1, LEN(A58))) -> Lisa | C58: =TRIM(LEFT(A58, FIND(",", A58)-1)) -> Cornett | D58: =IFERROR(DATEDIF(AB58, AC58, "Y"), DATEDIF(AB58, TODAY(), "Y")) -> 11 | E58: {=_xlfn.IFS(P58<40000, "Low", P58<70000, "MID", P58<100000, "HIGH", P58>=100000, "Executive")} -> MID | F58: {=_xlfn.IFS(AJ58="Exceeds", "Top Performer", AJ58="Fully Meets", "Solid Performer", AJ58="Needs Improvement", "Underperformer", AJ58="PIP", "At Risk")} -> Solid Performer | G58: {=_xlfn.IFS(AE58="Active", "Retained", AE58="Voluntarily Terminated", "Voluntary Exit", AE58="Terminated for Cause", "Involuntary Exit")} -> Retained | H58: 10094 | I58: 1 | J58: 1 | K58: 0 | L58: 1 | M58: 5 | N58: 3 | O58: 0 | P58: 63381 | Q58: 0 | R58: 19 | S58: Production Technician I | T58: MA | U58: 2189 | V58: 28215 | W58: F | X58: Married | Y58: US Citizen | Z58: Yes | AA58: White | AB58: 42009 | AD58: N/A-StillEmployed | AE58: Active | AF58: Production | AG58: Kelley Spirea | AH58: 18 | AI58: Indeed | AJ58: Fully Meets | AK58: 4.73 | AL58: 5 | AM58: 0 | AN58: 43510 | AO58: 0 | AP58: 6
A59: Costello, Frank | B59: =TRIM(MID(A59, FIND(",", A59)+1, LEN(A59))) -> Frank | C59: =TRIM(LEFT(A59, FIND(",", A59)-1)) -> Costello | D59: =IFERROR(DATEDIF(AB59, AC59, "Y"), DATEDIF(AB59, TODAY(), "Y")) -> 11 | E59: {=_xlfn.IFS(P59<40000, "Low", P59<70000, "MID", P59<100000, "HIGH", P59>=100000, "Executive")} -> HIGH | F59: {=_xlfn.IFS(AJ59="Exceeds", "Top Performer", AJ59="Fully Meets", "Solid Performer", AJ59="Needs Improvement", "Underperformer", AJ59="PIP", "At Risk")} -> Solid Performer | G59: {=_xlfn.IFS(AE59="Active", "Retained", AE59="Voluntarily Terminated", "Voluntary Exit", AE59="Terminated for Cause", "Involuntary Exit")} -> Retained | H59: 10193 | I59: 1 | J59: 1 | K59: 1 | L59: 1 | M59: 3 | N59: 3 | O59: 0 | P59: 83552 | Q59: 0 | R59: 9 | S59: Data Analyst | T59: MA | U59: 1810 | V59: 31650 | W59: M | X59: Married | Y59: US Citizen | Z59: No | AA59: White | AB59: 42093 | AD59: N/A-StillEmployed | AE59: Active | AF59: IT/IS | AG59: Simon Roup | AH59: 4 | AI59: Indeed | AJ59: Fully Meets | AK59: 3.04 | AL59: 3 | AM59: 6 | AN59: 43487 | AO59: 0 | AP59: 2
A60: Crimmings, Jean | B60: =TRIM(MID(A60, FIND(",", A60)+1, LEN(A60))) -> Jean | C60: =TRIM(LEFT(A60, FIND(",", A60)-1)) -> Crimmings | D60: =IFERROR(DATEDIF(AB60, AC60, "Y"), DATEDIF(AB60, TODAY(), "Y")) -> 9 | E60: {=_xlfn.IFS(P60<40000, "Low", P60<70000, "MID", P60<100000, "HIGH", P60>=100000, "Executive")} -> MID | F60: {=_xlfn.IFS(AJ60="Exceeds", "Top Performer", AJ60="Fully Meets", "Solid Performer", AJ60="Needs Improvement", "Underperformer", AJ60="PIP", "At Risk")} -> Solid Performer | G60: {=_xlfn.IFS(AE60="Active", "Retained", AE60="Voluntarily Terminated", "Voluntary Exit", AE60="Terminated for Cause", "Involuntary Exit")} -> Retained | H60: 10132 | I60: 0 | J60: 0 | K60: 0 | L60: 2 | M60: 5 | N60: 3 | O60: 0 | P60: 56149 | Q60: 0 | R60: 19 | S60: Production Technician I | T60: MA | U60: 1821 | V60: 31877 | W60: F | X60: Single | Y60: US Citizen | Z60: No | AA60: White | AB60: 42557 | AD60: N/A-StillEmployed | AE60: Active | AF60: Production | AG60: Michael Albert | AH60: 22 | AI60: LinkedIn | AJ60: Fully Meets | AK60: 4.12 | AL60: 5 | AM60: 0 | AN60: 43493 | AO60: 0 | AP60: 15
A61: Cross, Noah | B61: =TRIM(MID(A61, FIND(",", A61)+1, LEN(A61))) -> Noah | C61: =TRIM(LEFT(A61, FIND(",", A61)-1)) -> Cross | D61: =IFERROR(DATEDIF(AB61, AC61, "Y"), DATEDIF(AB61, TODAY(), "Y")) -> 11 | E61: {=_xlfn.IFS(P61<40000, "Low", P61<70000, "MID", P61<100000, "HIGH", P61>=100000, "Executive")} -> HIGH | F61: {=_xlfn.IFS(AJ61="Exceeds", "Top Performer", AJ61="Fully Meets", "Solid Performer", AJ61="Needs Improvement", "Underperformer", AJ61="PIP", "At Risk")} -> Solid Performer | G61: {=_xlfn.IFS(AE61="Active", "Retained", AE61="Voluntarily Terminated", "Voluntary Exit", AE61="Terminated for Cause", "Involuntary Exit")} -> Retained | H61: 10083 | I61: 0 | J61: 0 | K61: 1 | L61: 1 | M61: 3 | N61: 3 | O61: 0 | P61: 92329 | Q61: 0 | R61: 28 | S61: Sr. Network Engineer | T61: CT | U61: 6278 | V61: 23994 | W61: M | X61: Single | Y61: US Citizen | Z61: No | AA61: White | AB61: 41953 | AD61: N/A-StillEmployed | AE61: Active | AF61: IT/IS | AG61: Peter Monroe | AH61: 7 | AI61: Employee Referral | AJ61: Fully Meets | AK61: 5 | AL61: 3 | AM61: 4 | AN61: 43467 | AO61: 0 | AP61: 5
A62: Daneault, Lynn | B62: =TRIM(MID(A62, FIND(",", A62)+1, LEN(A62))) -> Lynn | C62: =TRIM(LEFT(A62, FIND(",", A62)-1)) -> Daneault | D62: =IFERROR(DATEDIF(AB62, AC62, "Y"), DATEDIF(AB62, TODAY(), "Y")) -> 11 | E62: {=_xlfn.IFS(P62<40000, "Low", P62<70000, "MID", P62<100000, "HIGH", P62>=100000, "Executive")} -> MID | F62: {=_xlfn.IFS(AJ62="Exceeds", "Top Performer", AJ62="Fully Meets", "Solid Performer", AJ62="Needs Improvement", "Underperformer", AJ62="PIP", "At Risk")} -> Solid Performer | G62: {=_xlfn.IFS(AE62="Active", "Retained", AE62="Voluntarily Terminated", "Voluntary Exit", AE62="Terminated for Cause", "Involuntary Exit")} -> Retained | H62: 10099 | I62: 0 | J62: 0 | K62: 0 | L62: 1 | M62: 6 | N62: 3 | O62: 0 | P62: 65729 | Q62: 0 | R62: 21 | S62: Sales Manager | T62: VT | U62: 5473 | V62: 32982 | W62: F | X62: Single | Y62: US Citizen | Z62: No | AA62: White | AB62: 41764 | AD62: N/A-StillEmployed | AE62: Active | AF62: Sales | AG62: Debra Houlihan | AH62: 15 | AI62: Indeed | AJ62: Fully Meets | AK62: 4.62 | AL62: 4 | AM62: 0 | AN62: 43489 | AO62: 0 | AP62: 8
A63: Daniele, Ann | B63: =TRIM(MID(A63, FIND(",", A63)+1, LEN(A63))) -> Ann | C63: =TRIM(LEFT(A63, FIND(",", A63)-1)) -> Daniele | D63: =IFERROR(DATEDIF(AB63, AC63, "Y"), DATEDIF(AB63, TODAY(), "Y")) -> 11 | E63: {=_xlfn.IFS(P63<40000, "Low", P63<70000, "MID", P63<100000, "HIGH", P63>=100000, "Executive")} -> HIGH | F63: {=_xlfn.IFS(AJ63="Exceeds", "Top Performer", AJ63="Fully Meets", "Solid Performer", AJ63="Needs Improvement", "Underperformer", AJ63="PIP", "At Risk")} -> Solid Performer | G63: {=_xlfn.IFS(AE63="Active", "Retained", AE63="Voluntarily Terminated", "Voluntary Exit", AE63="Terminated for Cause", "Involuntary Exit")} -> Retained | H63: 10212 | I63: 1 | J63: 1 | K63: 0 | L63: 3 | M63: 3 | N63: 3 | O63: 0 | P63: 85028 | Q63: 0 | R63: 28 | S63: Sr. Network Engineer | T63: CT | U63: 6033 | V63: 19011 | W63: F | X63: Married | Y63: US Citizen | Z63: No | AA63: White | AB63: 41953 | AD63: N/A-StillEmployed | AE63: Active | AF63: IT/IS | AG63: Peter Monroe | AH63: 7 | AI63: LinkedIn | AJ63: Fully Meets | AK63: 3.1 | AL63: 5 | AM63: 8 | AN63: 43508 | AO63: 0 | AP63: 19
A64: Darson, Jene'ya | B64: =TRIM(MID(A64, FIND(",", A64)+1, LEN(A64))) -> Jene'ya | C64: =TRIM(LEFT(A64, FIND(",", A64)-1)) -> Darson | D64: =IFERROR(DATEDIF(AB64, AC64, "Y"), DATEDIF(AB64, TODAY(), "Y")) -> 13 | E64: {=_xlfn.IFS(P64<40000, "Low", P64<70000, "MID", P64<100000, "HIGH", P64>=100000, "Executive")} -> MID | F64: {=_xlfn.IFS(AJ64="Exceeds", "Top Performer", AJ64="Fully Meets", "Solid Performer", AJ64="Needs Improvement", "Underperformer", AJ64="PIP", "At Risk")} -> Solid Performer | G64: {=_xlfn.IFS(AE64="Active", "Retained", AE64="Voluntarily Terminated", "Voluntary Exit", AE64="Terminated for Cause", "Involuntary Exit")} -> Retained | H64: 10056 | I64: 1 | J64: 1 | K64: 0 | L64: 1 | M64: 5 | N64: 3 | O64: 0 | P64: 57583 | Q64: 0 | R64: 19 | S64: Production Technician I | T64: MA | U64: 2110 | V64: 28799 | W64: F | X64: Married | Y64: US Citizen | Z64: No | AA64: White | AB64: 41092 | AD64: N/A-StillEmployed | AE64: Active | AF64: Production | AG64: Elijiah Gray | AH64: 16 | AI64: Indeed | AJ64: Fully Meets | AK64: 5 | AL64: 3 | AM64: 0 | AN64: 43521 | AO64: 0 | AP64: 1
A65: Davis, Daniel | B65: =TRIM(MID(A65, FIND(",", A65)+1, LEN(A65))) -> Daniel | C65: =TRIM(LEFT(A65, FIND(",", A65)-1)) -> Davis | D65: =IFERROR(DATEDIF(AB65, AC65, "Y"), DATEDIF(AB65, TODAY(), "Y")) -> 14 | E65: {=_xlfn.IFS(P65<40000, "Low", P65<70000, "MID", P65<100000, "HIGH", P65>=100000, "Executive")} -> MID | F65: {=_xlfn.IFS(AJ65="Exceeds", "Top Performer", AJ65="Fully Meets", "Solid Performer", AJ65="Needs Improvement", "Underperformer", AJ65="PIP", "At Risk")} -> Solid Performer | G65: {=_xlfn.IFS(AE65="Active", "Retained", AE65="Voluntarily Terminated", "Voluntary Exit", AE65="Terminated for Cause", "Involuntary Exit")} -> Retained | H65: 10143 | I65: 0 | J65: 0 | K65: 1 | L65: 1 | M65: 5 | N65: 3 | O65: 0 | P65: 56294 | Q65: 0 | R65: 20 | S65: Production Technician II | T65: MA | U65: 2458 | V65: 29112 | W65: M | X65: Single | Y65: Eligible NonCitizen | Z65: No | AA65: Two or more races | AB65: 40854 | AD65: N/A-StillEmployed | AE65: Active | AF65: Production | AG65: Kissy Sullivan | AH65: 20 | AI65: LinkedIn | AJ65: Fully Meets | AK65: 3.96 | AL65: 4 | AM65: 0 | AN65: 43523 | AO65: 0 | AP65: 6
A66: Dee, Randy | B66: =TRIM(MID(A66, FIND(",", A66)+1, LEN(A66))) -> Randy | C66: =TRIM(LEFT(A66, FIND(",", A66)-1)) -> Dee | D66: =IFERROR(DATEDIF(AB66, AC66, "Y"), DATEDIF(AB66, TODAY(), "Y")) -> 7 | E66: {=_xlfn.IFS(P66<40000, "Low", P66<70000, "MID", P66<100000, "HIGH", P66>=100000, "Executive")} -> MID | F66: {=_xlfn.IFS(AJ66="Exceeds", "Top Performer", AJ66="Fully Meets", "Solid Performer", AJ66="Needs Improvement", "Underperformer", AJ66="PIP", "At Risk")} -> Solid Performer | G66: {=_xlfn.IFS(AE66="Active", "Retained", AE66="Voluntarily Terminated", "Voluntary Exit", AE66="Terminated for Cause", "Involuntary Exit")} -> Retained | H66: 10311 | I66: 1 | J66: 1 | K66: 1 | L66: 1 | M66: 6 | N66: 1 | O66: 0 | P66: 56991 | Q66: 0 | R66: 19 | S66: Production Technician I | T66: MA | U66: 2138 | V66: 32248 | W66: M | X66: Married | Y66: US Citizen | Z66: No | AA66: White | AB66: 43290 | AD66: N/A-StillEmployed | AE66: Active | AF66: Production | AG66: Brannon Miller | AH66: 12 | AI66: Indeed | AJ66: Fully Meets | AK66: 4.3 | AL66: 4 | AM66: 3 | AN66: 43496 | AO66: 2 | AP66: 2
A67: DeGweck, James | B67: =TRIM(MID(A67, FIND(",", A67)+1, LEN(A67))) -> James | C67: =TRIM(LEFT(A67, FIND(",", A67)-1)) -> DeGweck | D67: =IFERROR(DATEDIF(AB67, AC67, "Y"), DATEDIF(AB67, TODAY(), "Y")) -> 5 | E67: {=_xlfn.IFS(P67<40000, "Low", P67<70000, "MID", P67<100000, "HIGH", P67>=100000, "Executive")} -> MID | F67: {=_xlfn.IFS(AJ67="Exceeds", "Top Performer", AJ67="Fully Meets", "Solid Performer", AJ67="Needs Improvement", "Underperformer", AJ67="PIP", "At Risk")} -> Solid Performer | G67: {=_xlfn.IFS(AE67="Active", "Retained", AE67="Voluntarily Terminated", "Voluntary Exit", AE67="Terminated for Cause", "Involuntary Exit")} -> Voluntary Exit | H67: 10070 | I67: 1 | J67: 1 | K67: 1 | L67: 5 | M67: 5 | N67: 3 | O67: 0 | P67: 55722 | Q67: 1 | R67: 19 | S67: Production Technician I | T67: MA | U67: 1810 | V67: 28429 | W67: M | X67: Married | Y67: US Citizen | Z67: No | AA67: White | AB67: 40679 | AC67: 42529 | AD67: unhappy | AE67: Voluntarily Terminated | AF67: Production | AG67: Webster Butler | AH67: 39 | AI67: Indeed | AJ67: Fully Meets | AK67: 5 | AL67: 4 | AM67: 0 | AN67: 42462 | AO67: 0 | AP67: 14
A68: Del Bosque, Keyla | B68: =TRIM(MID(A68, FIND(",", A68)+1, LEN(A68))) -> Keyla | C68: =TRIM(LEFT(A68, FIND(",", A68)-1)) -> Del Bosque | D68: =IFERROR(DATEDIF(AB68, AC68, "Y"), DATEDIF(AB68, TODAY(), "Y")) -> 14 | E68: {=_xlfn.IFS(P68<40000, "Low", P68<70000, "MID", P68<100000, "HIGH", P68>=100000, "Executive")} -> Executive | F68: {=_xlfn.IFS(AJ68="Exceeds", "Top Performer", AJ68="Fully Meets", "Solid Performer", AJ68="Needs Improvement", "Underperformer", AJ68="PIP", "At Risk")} -> Solid Performer | G68: {=_xlfn.IFS(AE68="Active", "Retained", AE68="Voluntarily Terminated", "Voluntary Exit", AE68="Terminated for Cause", "Involuntary Exit")} -> Retained | H68: 10155 | I68: 0 | J68: 0 | K68: 0 | L68: 1 | M68: 4 | N68: 3 | O68: 0 | P68: 101199 | Q68: 0 | R68: 24 | S68: Software Engineer | T68: MA | U68: 2176 | V68: 29041 | W68: F | X68: Single | Y68: US Citizen | Z68: No | AA68: Black or African American | AB68: 40917 | AD68: N/A-StillEmployed | AE68: Active | AF68: Software Engineering | AG68: Alex Sweetwater | AH68: 10 | AI68: CareerBuilder | AJ68: Fully Meets | AK68: 3.79 | AL68: 5 | AM68: 5 | AN68: 43490 | AO68: 0 | AP68: 8
A69: Delarge, Alex | B69: =TRIM(MID(A69, FIND(",", A69)+1, LEN(A69))) -> Alex | C69: =TRIM(LEFT(A69, FIND(",", A69)-1)) -> Delarge | D69: =IFERROR(DATEDIF(AB69, AC69, "Y"), DATEDIF(AB69, TODAY(), "Y")) -> 11 | E69: {=_xlfn.IFS(P69<40000, "Low", P69<70000, "MID", P69<100000, "HIGH", P69>=100000, "Executive")} -> MID | F69: {=_xlfn.IFS(AJ69="Exceeds", "Top Performer", AJ69="Fully Meets", "Solid Performer", AJ69="Needs Improvement", "Underperformer", AJ69="PIP", "At Risk")} -> At Risk | G69: {=_xlfn.IFS(AE69="Active", "Retained", AE69="Voluntarily Terminated", "Voluntary Exit", AE69="Terminated for Cause", "Involuntary Exit")} -> Retained | H69: 10306 | I69: 0 | J69: 0 | K69: 1 | L69: 1 | M69: 6 | N69: 1 | O69: 0 | P69: 61568 | Q69: 0 | R69: 3 | S69: Area Sales Manager | T69: AL | U69: 36006 | V69: 27700 | W69: M | X69: Single | Y69: US Citizen | Z69: No | AA69: Two or more races | AB69: 41911 | AD69: N/A-StillEmployed | AE69: Active | AF69: Sales | AG69: John Smith | AH69: 17 | AI69: Indeed | AJ69: PIP | AK69: 1.93 | AL69: 3 | AM69: 0 | AN69: 43495 | AO69: 6 | AP69: 5
A70: Demita, Carla | B70: =TRIM(MID(A70, FIND(",", A70)+1, LEN(A70))) -> Carla | C70: =TRIM(LEFT(A70, FIND(",", A70)-1)) -> Demita | D70: =IFERROR(DATEDIF(AB70, AC70, "Y"), DATEDIF(AB70, TODAY(), "Y")) -> 4 | E70: {=_xlfn.IFS(P70<40000, "Low", P70<70000, "MID", P70<100000, "HIGH", P70>=100000, "Executive")} -> MID | F70: {=_xlfn.IFS(AJ70="Exceeds", "Top Performer", AJ70="Fully Meets", "Solid Performer", AJ70="Needs Improvement", "Underperformer", AJ70="PIP", "At Risk")} -> Solid Performer | G70: {=_xlfn.IFS(AE70="Active", "Retained", AE70="Voluntarily Terminated", "Voluntary Exit", AE70="Terminated for Cause", "Involuntary Exit")} -> Voluntary Exit | H70: 10100 | I70: 0 | J70: 3 | K70: 0 | L70: 5 | M70: 5 | N70: 3 | O70: 0 | P70: 58275 | Q70: 1 | R70: 20 | S70: Production Technician II | T70: MA | U70: 2343 | V70: 18684 | W70: F | X70: Separated | Y70: US Citizen | Z70: No | AA70: Black or African American | AB70: 40637 | AC70: 42312 | AD70: more money | AE70: Voluntarily Terminated | AF70: Production | AG70: Kelley Spirea | AH70: 18 | AI70: Google Search | AJ70: Fully Meets | AK70: 4.62 | AL70: 5 | AM70: 0 | AN70: 42130 | AO70: 0 | AP70: 1
A71: Desimone, Carl | B71: =TRIM(MID(A71, FIND(",", A71)+1, LEN(A71))) -> Carl | C71: =TRIM(LEFT(A71, FIND(",", A71)-1)) -> Desimone | D71: =IFERROR(DATEDIF(AB71, AC71, "Y"), DATEDIF(AB71, TODAY(), "Y")) -> 11 | E71: {=_xlfn.IFS(P71<40000, "Low", P71<70000, "MID", P71<100000, "HIGH", P71>=100000, "Executive")} -> MID | F71: {=_xlfn.IFS(AJ71="Exceeds", "Top Performer", AJ71="Fully Meets", "Solid Performer", AJ71="Needs Improvement", "Underperformer", AJ71="PIP", "At Risk")} -> At Risk | G71: {=_xlfn.IFS(AE71="Active", "Retained", AE71="Voluntarily Terminated", "Voluntary Exit", AE71="Terminated for Cause", "Involuntary Exit")} -> Retained | H71: 10310 | I71: 1 | J71: 1 | K71: 1 | L71: 1 | M71: 5 | N71: 1 | O71: 0 | P71: 53189 | Q71: 0 | R71: 19 | S71: Production Technician I | T71: MA | U71: 2061 | V71: 24581 | W71: M | X71: Married | Y71: US Citizen | Z71: No | AA71: White | AB71: 41827 | AD71: N/A-StillEmployed | AE71: Active | AF71: Production | AG71: Amy Dunn | AH71: 11 | AI71: Indeed | AJ71: PIP | AK71: 1.12 | AL71: 2 | AM71: 0 | AN71: 43496 | AO71: 4 | AP71: 9
A72: DeVito, Tommy | B72: =TRIM(MID(A72, FIND(",", A72)+1, LEN(A72))) -> Tommy | C72: =TRIM(LEFT(A72, FIND(",", A72)-1)) -> DeVito | D72: =IFERROR(DATEDIF(AB72, AC72, "Y"), DATEDIF(AB72, TODAY(), "Y")) -> 9 | E72: {=_xlfn.IFS(P72<40000, "Low", P72<70000, "MID", P72<100000, "HIGH", P72>=100000, "Executive")} -> HIGH | F72: {=_xlfn.IFS(AJ72="Exceeds", "Top Performer", AJ72="Fully Meets", "Solid Performer", AJ72="Needs Improvement", "Underperformer", AJ72="PIP", "At Risk")} -> Solid Performer | G72: {=_xlfn.IFS(AE72="Active", "Retained", AE72="Voluntarily Terminated", "Voluntary Exit", AE72="Terminated for Cause", "Involuntary Exit")} -> Retained | H72: 10197 | I72: 0 | J72: 0 | K72: 1 | L72: 1 | M72: 3 | N72: 3 | O72: 0 | P72: 96820 | Q72: 0 | R72: 4 | S72: BI Developer | T72: MA | U72: 2045 | V72: 30563 | W72: M | X72: Single | Y72: US Citizen | Z72: No | AA72: White | AB72: 42781 | AD72: N/A-StillEmployed | AE72: Active | AF72: IT/IS | AG72: Brian Champaigne | AH72: 13 | AI72: Indeed | AJ72: Fully Meets | AK72: 3.01 | AL72: 5 | AM72: 7 | AN72: 43488 | AO72: 0 | AP72: 15
A73: Dickinson, Geoff | B73: =TRIM(MID(A73, FIND(",", A73)+1, LEN(A73))) -> Geoff | C73: =TRIM(LEFT(A73, FIND(",", A73)-1)) -> Dickinson | D73: =IFERROR(DATEDIF(AB73, AC73, "Y"), DATEDIF(AB73, TODAY(), "Y")) -> 11 | E73: {=_xlfn.IFS(P73<40000, "Low", P73<70000, "MID", P73<100000, "HIGH", P73>=100000, "Executive")} -> MID | F73: {=_xlfn.IFS(AJ73="Exceeds", "Top Performer", AJ73="Fully Meets", "Solid Performer", AJ73="Needs Improvement", "Underperformer", AJ73="PIP", "At Risk")} -> Solid Performer | G73: {=_xlfn.IFS(AE73="Active", "Retained", AE73="Voluntarily Terminated", "Voluntary Exit", AE73="Terminated for Cause", "Involuntary Exit")} -> Retained | H73: 10276 | I73: 0 | J73: 0 | K73: 1 | L73: 1 | M73: 5 | N73: 3 | O73: 0 | P73: 51259 | Q73: 0 | R73: 19 | S73: Production Technician I | T73: MA | U73: 2180 | V73: 30270 | W73: M | X73: Single | Y73: US Citizen | Z73: No | AA73: White | AB73: 41771 | AD73: N/A-StillEmployed | AE73: Active | AF73: Production | AG73: Ketsia Liebig | AH73: 19 | AI73: Indeed | AJ73: Fully Meets | AK73: 4.3 | AL73: 4 | AM73: 0 | AN73: 43515 | AO73: 0 | AP73: 1
A74: Dietrich, Jenna | B74: =TRIM(MID(A74, FIND(",", A74)+1, LEN(A74))) -> Jenna | C74: =TRIM(LEFT(A74, FIND(",", A74)-1)) -> Dietrich | D74: =IFERROR(DATEDIF(AB74, AC74, "Y"), DATEDIF(AB74, TODAY(), "Y")) -> 14 | E74: {=_xlfn.IFS(P74<40000, "Low", P74<70000, "MID", P74<100000, "HIGH", P74>=100000, "Executive")} -> MID | F74: {=_xlfn.IFS(AJ74="Exceeds", "Top Performer", AJ74="Fully Meets", "Solid Performer", AJ74="Needs Improvement", "Underperformer", AJ74="PIP", "At Risk")} -> At Risk | G74: {=_xlfn.IFS(AE74="Active", "Retained", AE74="Voluntarily Terminated", "Voluntary Exit", AE74="Terminated for Cause", "Involuntary Exit")} -> Retained | H74: 10304 | I74: 0 | J74: 0 | K74: 0 | L74: 1 | M74: 6 | N74: 1 | O74: 0 | P74: 59231 | Q74: 0 | R74: 3 | S74: Area Sales Manager | T74: WA | U74: 98052 | V74: 31911 | W74: F | X74: Single | Y74: US Citizen | Z74: Yes | AA74: White | AB74: 40959 | AD74: N/A-StillEmployed | AE74: Active | AF74: Sales | AG74: John Smith | AH74: 17 | AI74: Website | AJ74: PIP | AK74: 2.3 | AL74: 1 | AM74: 0 | AN74: 43494 | AO74: 2 | AP74: 17
A75: DiNocco, Lily | B75: =TRIM(MID(A75, FIND(",", A75)+1, LEN(A75))) -> Lily | C75: =TRIM(LEFT(A75, FIND(",", A75)-1)) -> DiNocco | D75: =IFERROR(DATEDIF(AB75, AC75, "Y"), DATEDIF(AB75, TODAY(), "Y")) -> 13 | E75: {=_xlfn.IFS(P75<40000, "Low", P75<70000, "MID", P75<100000, "HIGH", P75>=100000, "Executive")} -> MID | F75: {=_xlfn.IFS(AJ75="Exceeds", "Top Performer", AJ75="Fully Meets", "Solid Performer", AJ75="Needs Improvement", "Underperformer", AJ75="PIP", "At Risk")} -> Underperformer | G75: {=_xlfn.IFS(AE75="Active", "Retained", AE75="Voluntarily Terminated", "Voluntary Exit", AE75="Terminated for Cause", "Involuntary Exit")} -> Retained | H75: 10284 | I75: 1 | J75: 1 | K75: 0 | L75: 1 | M75: 5 | N75: 2 | O75: 0 | P75: 61584 | Q75: 0 | R75: 19 | S75: Production Technician I | T75: MA | U75: 2351 | V75: 28826 | W75: F | X75: Married | Y75: US Citizen | Z75: No | AA75: Black or African American | AB75: 41281 | AD75: N/A-StillEmployed | AE75: Active | AF75: Production | AG75: Brannon Miller | AH75: 12 | AI75: Indeed | AJ75: Needs Improvement | AK75: 3.88 | AL75: 4 | AM75: 0 | AN75: 43483 | AO75: 0 | AP75: 6
A76: Dobrin, Denisa S | B76: =TRIM(MID(A76, FIND(",", A76)+1, LEN(A76))) -> Denisa S | C76: =TRIM(LEFT(A76, FIND(",", A76)-1)) -> Dobrin | D76: =IFERROR(DATEDIF(AB76, AC76, "Y"), DATEDIF(AB76, TODAY(), "Y")) -> 14 | E76: {=_xlfn.IFS(P76<40000, "Low", P76<70000, "MID", P76<100000, "HIGH", P76>=100000, "Executive")} -> MID | F76: {=_xlfn.IFS(AJ76="Exceeds", "Top Performer", AJ76="Fully Meets", "Solid Performer", AJ76="Needs Improvement", "Underperformer", AJ76="PIP", "At Risk")} -> Solid Performer | G76: {=_xlfn.IFS(AE76="Active", "Retained", AE76="Voluntarily Terminated", "Voluntary Exit", AE76="Terminated for Cause", "Involuntary Exit")} -> Retained | H76: 10207 | I76: 0 | J76: 0 | K76: 0 | L76: 1 | M76: 5 | N76: 3 | O76: 0 | P76: 46335 | Q76: 0 | R76: 19 | S76: Production Technician I | T76: MA | U76: 2125 | V76: 31692 | W76: F | X76: Single | Y76: US Citizen | Z76: Yes | AA76: White | AB76: 41001 | AD76: N/A-StillEmployed | AE76: Active | AF76: Production | AG76: David Stanley | AH76: 14 | AI76: CareerBuilder | AJ76: Fully Meets | AK76: 3.4 | AL76: 5 | AM76: 0 | AN76: 43515 | AO76: 0 | AP76: 15
A77: Dolan, Linda | B77: =TRIM(MID(A77, FIND(",", A77)+1, LEN(A77))) -> Linda | C77: =TRIM(LEFT(A77, FIND(",", A77)-1)) -> Dolan | D77: =IFERROR(DATEDIF(AB77, AC77, "Y"), DATEDIF(AB77, TODAY(), "Y")) -> 11 | E77: {=_xlfn.IFS(P77<40000, "Low", P77<70000, "MID", P77<100000, "HIGH", P77>=100000, "Executive")} -> HIGH | F77: {=_xlfn.IFS(AJ77="Exceeds", "Top Performer", AJ77="Fully Meets", "Solid Performer", AJ77="Needs Improvement", "Underperformer", AJ77="PIP", "At Risk")} -> Solid Performer | G77: {=_xlfn.IFS(AE77="Active", "Retained", AE77="Voluntarily Terminated", "Voluntary Exit", AE77="Terminated for Cause", "Involuntary Exit")} -> Retained | H77: 10133 | I77: 1 | J77: 1 | K77: 0 | L77: 1 | M77: 3 | N77: 3 | O77: 0 | P77: 70621 | Q77: 0 | R77: 14 | S77: IT Support | T77: MA | U77: 2119 | V77: 32342 | W77: F | X77: Married | Y77: US Citizen | Z77: No | AA77: White | AB77: 42009 | AD77: N/A-StillEmployed | AE77: Active | AF77: IT/IS | AG77: Peter Monroe | AH77: 7 | AI77: Employee Referral | AJ77: Fully Meets | AK77: 4.11 | AL77: 4 | AM77: 6 | AN77: 43521 | AO77: 0 | AP77: 16
A78: Dougall, Eric | B78: =TRIM(MID(A78, FIND(",", A78)+1, LEN(A78))) -> Eric | C78: =TRIM(LEFT(A78, FIND(",", A78)-1)) -> Dougall | D78: =IFERROR(DATEDIF(AB78, AC78, "Y"), DATEDIF(AB78, TODAY(), "Y")) -> 12 | E78: {=_xlfn.IFS(P78<40000, "Low", P78<70000, "MID", P78<100000, "HIGH", P78>=100000, "Executive")} -> Executive | F78: {=_xlfn.IFS(AJ78="Exceeds", "Top Performer", AJ78="Fully Meets", "Solid Performer", AJ78="Needs Improvement", "Underperformer", AJ78="PIP", "At Risk")} -> Top Performer | G78: {=_xlfn.IFS(AE78="Active", "Retained", AE78="Voluntarily Terminated", "Voluntary Exit", AE78="Terminated for Cause", "Involuntary Exit")} -> Retained | H78: 10028 | I78: 0 | J78: 0 | K78: 1 | L78: 1 | M78: 3 | N78: 4 | O78: 0 | P78: 138888 | Q78: 0 | R78: 13 | S78: IT Manager - Support | T78: MA | U78: 1886 | V78: 25758 | W78: M | X78: Single | Y78: US Citizen | Z78: No | AA78: Black or African American | AB78: 41644 | AD78: N/A-StillEmployed | AE78: Active | AF78: IT/IS | AG78: Jennifer Zamora | AH78: 5 | AI78: Indeed | AJ78: Exceeds | AK78: 4.3 | AL78: 5 | AM78: 5 | AN78: 43469 | AO78: 0 | AP78: 4
A79: Driver, Elle | B79: =TRIM(MID(A79, FIND(",", A79)+1, LEN(A79))) -> Elle | C79: =TRIM(LEFT(A79, FIND(",", A79)-1)) -> Driver | D79: =IFERROR(DATEDIF(AB79, AC79, "Y"), DATEDIF(AB79, TODAY(), "Y")) -> 15 | E79: {=_xlfn.IFS(P79<40000, "Low", P79<70000, "MID", P79<100000, "HIGH", P79>=100000, "Executive")} -> HIGH | F79: {=_xlfn.IFS(AJ79="Exceeds", "Top Performer", AJ79="Fully Meets", "Solid Performer", AJ79="Needs Improvement", "Underperformer", AJ79="PIP", "At Risk")} -> Top Performer | G79: {=_xlfn.IFS(AE79="Active", "Retained", AE79="Voluntarily Terminated", "Voluntary Exit", AE79="Terminated for Cause", "Involuntary Exit")} -> Retained | H79: 10006 | I79: 0 | J79: 0 | K79: 0 | L79: 1 | M79: 6 | N79: 4 | O79: 0 | P79: 74241 | Q79: 0 | R79: 3 | S79: Area Sales Manager | T79: CA | U79: 90007 | V79: 32455 | W79: F | X79: Single | Y79: US Citizen | Z79: No | AA79: White | AB79: 40553 | AD79: N/A-StillEmployed | AE79: Active | AF79: Sales | AG79: Lynn Daneault | AH79: 21 | AI79: Indeed | AJ79: Exceeds | AK79: 4.77 | AL79: 5 | AM79: 0 | AN79: 43492 | AO79: 0 | AP79: 14
A80: Dunn, Amy | B80: =TRIM(MID(A80, FIND(",", A80)+1, LEN(A80))) -> Amy | C80: =TRIM(LEFT(A80, FIND(",", A80)-1)) -> Dunn | D80: =IFERROR(DATEDIF(AB80, AC80, "Y"), DATEDIF(AB80, TODAY(), "Y")) -> 11 | E80: {=_xlfn.IFS(P80<40000, "Low", P80<70000, "MID", P80<100000, "HIGH", P80>=100000, "Executive")} -> HIGH | F80: {=_xlfn.IFS(AJ80="Exceeds", "Top Performer", AJ80="Fully Meets", "Solid Performer", AJ80="Needs Improvement", "Underperformer", AJ80="PIP", "At Risk")} -> Solid Performer | G80: {=_xlfn.IFS(AE80="Active", "Retained", AE80="Voluntarily Terminated", "Voluntary Exit", AE80="Terminated for Cause", "Involuntary Exit")} -> Retained | H80: 10105 | I80: 0 | J80: 0 | K80: 0 | L80: 1 | M80: 5 | N80: 3 | O80: 0 | P80: 75188 | Q80: 0 | R80: 18 | S80: Production Manager | T80: MA | U80: 1731 | V80: 26996 | W80: F | X80: Single | Y80: US Citizen | Z80: No | AA80: White | AB80: 41900 | AD80: N/A-StillEmployed | AE80: Active | AF80: Production | AG80: Janet King | AH80: 2 | AI80: Google Search | AJ80: Fully Meets | AK80: 4.52 | AL80: 4 | AM80: 0 | AN80: 43480 | AO80: 0 | AP80: 4
A81: Dunne, Amy | B81: =TRIM(MID(A81, FIND(",", A81)+1, LEN(A81))) -> Amy | C81: =TRIM(LEFT(A81, FIND(",", A81)-1)) -> Dunne | D81: =IFERROR(DATEDIF(AB81, AC81, "Y"), DATEDIF(AB81, TODAY(), "Y")) -> 15 | E81: {=_xlfn.IFS(P81<40000, "Low", P81<70000, "MID", P81<100000, "HIGH", P81>=100000, "Executive")} -> MID | F81: {=_xlfn.IFS(AJ81="Exceeds", "Top Performer", AJ81="Fully Meets", "Solid Performer", AJ81="Needs Improvement", "Underperformer", AJ81="PIP", "At Risk")} -> Solid Performer | G81: {=_xlfn.IFS(AE81="Active", "Retained", AE81="Voluntarily Terminated", "Voluntary Exit", AE81="Terminated for Cause", "Involuntary Exit")} -> Retained | H81: 10211 | I81: 1 | J81: 1 | K81: 0 | L81: 1 | M81: 5 | N81: 3 | O81: 0 | P81: 62514 | Q81: 0 | R81: 19 | S81: Production Technician I | T81: MA | U81: 1749 | V81: 26930 | W81: F | X81: Married | Y81: US Citizen | Z81: No | AA81: White | AB81: 40294 | AD81: N/A-StillEmployed | AE81: Active | AF81: Production | AG81: Ketsia Liebig | AH81: 19 | AI81: Google Search | AJ81: Fully Meets | AK81: 2.9 | AL81: 3 | AM81: 0 | AN81: 43486 | AO81: 0 | AP81: 6
A82: Eaton, Marianne | B82: =TRIM(MID(A82, FIND(",", A82)+1, LEN(A82))) -> Marianne | C82: =TRIM(LEFT(A82, FIND(",", A82)-1)) -> Eaton | D82: =IFERROR(DATEDIF(AB82, AC82, "Y"), DATEDIF(AB82, TODAY(), "Y")) -> 6 | E82: {=_xlfn.IFS(P82<40000, "Low", P82<70000, "MID", P82<100000, "HIGH", P82>=100000, "Executive")} -> MID | F82: {=_xlfn.IFS(AJ82="Exceeds", "Top Performer", AJ82="Fully Meets", "Solid Performer", AJ82="Needs Improvement", "Underperformer", AJ82="PIP", "At Risk")} -> Solid Performer | G82: {=_xlfn.IFS(AE82="Active", "Retained", AE82="Voluntarily Terminated", "Voluntary Exit", AE82="Terminated for Cause", "Involuntary Exit")} -> Voluntary Exit | H82: 10064 | I82: 1 | J82: 1 | K82: 0 | L82: 5 | M82: 5 | N82: 3 | O82: 0 | P82: 60070 | Q82: 1 | R82: 19 | S82: Production Technician I | T82: MA | U82: 2343 | V82: 33486 | W82: F | X82: Married | Y82: US Citizen | Z82: No | AA82: White | AB82: 40637 | AC82: 42892 | AD82: military | AE82: Voluntarily Terminated | AF82: Production | AG82: Kissy Sullivan | AH82: 20 | AI82: Google Search | AJ82: Fully Meets | AK82: 5 | AL82: 3 | AM82: 0 | AN82: 42834 | AO82: 0 | AP82: 7
A83: Engdahl, Jean | B83: =TRIM(MID(A83, FIND(",", A83)+1, LEN(A83))) -> Jean | C83: =TRIM(LEFT(A83, FIND(",", A83)-1)) -> Engdahl | D83: =IFERROR(DATEDIF(AB83, AC83, "Y"), DATEDIF(AB83, TODAY(), "Y")) -> 11 | E83: {=_xlfn.IFS(P83<40000, "Low", P83<70000, "MID", P83<100000, "HIGH", P83>=100000, "Executive")} -> MID | F83: {=_xlfn.IFS(AJ83="Exceeds", "Top Performer", AJ83="Fully Meets", "Solid Performer", AJ83="Needs Improvement", "Underperformer", AJ83="PIP", "At Risk")} -> Solid Performer | G83: {=_xlfn.IFS(AE83="Active", "Retained", AE83="Voluntarily Terminated", "Voluntary Exit", AE83="Terminated for Cause", "Involuntary Exit")} -> Retained | H83: 10247 | I83: 0 | J83: 0 | K83: 1 | L83: 1 | M83: 5 | N83: 3 | O83: 0 | P83: 48888 | Q83: 0 | R83: 19 | S83: Production Technician I | T83: MA | U83: 2026 | V83: 27180 | W83: M | X83: Single | Y83: US Citizen | Z83: No | AA83: White | AB83: 41953 | AD83: N/A-StillEmployed | AE83: Active | AF83: Production | AG83: Kelley Spirea | AH83: 18 | AI83: LinkedIn | AJ83: Fully Meets | AK83: 4.7 | AL83: 5 | AM83: 0 | AN83: 43509 | AO83: 0 | AP83: 8
A84: England, Rex | B84: =TRIM(MID(A84, FIND(",", A84)+1, LEN(A84))) -> Rex | C84: =TRIM(LEFT(A84, FIND(",", A84)-1)) -> England | D84: =IFERROR(DATEDIF(AB84, AC84, "Y"), DATEDIF(AB84, TODAY(), "Y")) -> 12 | E84: {=_xlfn.IFS(P84<40000, "Low", P84<70000, "MID", P84<100000, "HIGH", P84>=100000, "Executive")} -> MID | F84: {=_xlfn.IFS(AJ84="Exceeds", "Top Performer", AJ84="Fully Meets", "Solid Performer", AJ84="Needs Improvement", "Underperformer", AJ84="PIP", "At Risk")} -> Solid Performer | G84: {=_xlfn.IFS(AE84="Active", "Retained", AE84="Voluntarily Terminated", "Voluntary Exit", AE84="Terminated for Cause", "Involuntary Exit")} -> Retained | H84: 10235 | I84: 1 | J84: 1 | K84: 1 | L84: 1 | M84: 5 | N84: 3 | O84: 0 | P84: 54285 | Q84: 0 | R84: 19 | S84: Production Technician I | T84: MA | U84: 2045 | V84: 28727 | W84: M | X84: Married | Y84: US Citizen | Z84: No | AA84: White | AB84: 41729 | AD84: N/A-StillEmployed | AE84: Active | AF84: Production | AG84: Kelley Spirea | AH84: 18 | AI84: Employee Referral | AJ84: Fully Meets | AK84: 4.2 | AL84: 3 | AM84: 0 | AN84: 43476 | AO84: 0 | AP84: 3
A85: Erilus, Angela | B85: =TRIM(MID(A85, FIND(",", A85)+1, LEN(A85))) -> Angela | C85: =TRIM(LEFT(A85, FIND(",", A85)-1)) -> Erilus | D85: =IFERROR(DATEDIF(AB85, AC85, "Y"), DATEDIF(AB85, TODAY(), "Y")) -> 11 | E85: {=_xlfn.IFS(P85<40000, "Low", P85<70000, "MID", P85<100000, "HIGH", P85>=100000, "Executive")} -> MID | F85: {=_xlfn.IFS(AJ85="Exceeds", "Top Performer", AJ85="Fully Meets", "Solid Performer", AJ85="Needs Improvement", "Underperformer", AJ85="PIP", "At Risk")} -> At Risk | G85: {=_xlfn.IFS(AE85="Active", "Retained", AE85="Voluntarily Terminated", "Voluntary Exit", AE85="Terminated for Cause", "Involuntary Exit")} -> Retained | H85: 10299 | I85: 0 | J85: 3 | K85: 0 | L85: 1 | M85: 5 | N85: 1 | O85: 0 | P85: 56847 | Q85: 0 | R85: 20 | S85: Production Technician II | T85: MA | U85: 2133 | V85: 32745 | W85: F | X85: Separated | Y85: US Citizen | Z85: No | AA85: White | AB85: 41827 | AD85: N/A-StillEmployed | AE85: Active | AF85: Production | AG85: Michael Albert | AH85: 22 | AI85: Indeed | AJ85: PIP | AK85: 3 | AL85: 1 | AM85: 0 | AN85: 43521 | AO85: 2 | AP85: 5
A86: Estremera, Miguel | B86: =TRIM(MID(A86, FIND(",", A86)+1, LEN(A86))) -> Miguel | C86: =TRIM(LEFT(A86, FIND(",", A86)-1)) -> Estremera | D86: =IFERROR(DATEDIF(AB86, AC86, "Y"), DATEDIF(AB86, TODAY(), "Y")) -> 6 | E86: {=_xlfn.IFS(P86<40000, "Low", P86<70000, "MID", P86<100000, "HIGH", P86>=100000, "Executive")} -> MID | F86: {=_xlfn.IFS(AJ86="Exceeds", "Top Performer", AJ86="Fully Meets", "Solid Performer", AJ86="Needs Improvement", "Underperformer", AJ86="PIP", "At Risk")} -> Underperformer | G86: {=_xlfn.IFS(AE86="Active", "Retained", AE86="Voluntarily Terminated", "Voluntary Exit", AE86="Terminated for Cause", "Involuntary Exit")} -> Involuntary Exit | H86: 10280 | I86: 0 | J86: 0 | K86: 1 | L86: 4 | M86: 5 | N86: 2 | O86: 0 | P86: 60340 | Q86: 1 | R86: 19 | S86: Production Technician I | T86: MA | U86: 2129 | V86: 30561 | W86: M | X86: Single | Y86: US Citizen | Z86: No | AA86: White | AB86: 41001 | AC86: 43370 | AD86: attendance | AE86: Terminated for Cause | AF86: Production | AG86: Michael Albert | AH86: 22 | AI86: Google Search | AJ86: Needs Improvement | AK86: 5 | AL86: 4 | AM86: 0 | AN86: 43202 | AO86: 5 | AP86: 16
A87: Evensen, April | B87: =TRIM(MID(A87, FIND(",", A87)+1, LEN(A87))) -> April | C87: =TRIM(LEFT(A87, FIND(",", A87)-1)) -> Evensen | D87: =IFERROR(DATEDIF(AB87, AC87, "Y"), DATEDIF(AB87, TODAY(), "Y")) -> 4 | E87: {=_xlfn.IFS(P87<40000, "Low", P87<70000, "MID", P87<100000, "HIGH", P87>=100000, "Executive")} -> MID | F87: {=_xlfn.IFS(AJ87="Exceeds", "Top Performer", AJ87="Fully Meets", "Solid Performer", AJ87="Needs Improvement", "Underperformer", AJ87="PIP", "At Risk")} -> Underperformer | G87: {=_xlfn.IFS(AE87="Active", "Retained", AE87="Voluntarily Terminated", "Voluntary Exit", AE87="Terminated for Cause", "Involuntary Exit")} -> Involuntary Exit | H87: 10296 | I87: 0 | J87: 0 | K87: 0 | L87: 4 | M87: 5 | N87: 2 | O87: 0 | P87: 59124 | Q87: 1 | R87: 19 | S87: Production Technician I | T87: MA | U87: 2458 | V87: 32634 | W87: F | X87: Single | Y87: US Citizen | Z87: No | AA87: White | AB87: 41687 | AC87: 43156 | AD87: no-call, no-show | AE87: Terminated for Cause | AF87: Production | AG87: Elijiah Gray | AH87: 16 | AI87: Google Search | AJ87: Needs Improvement | AK87: 2.3 | AL87: 3 | AM87: 0 | AN87: 42750 | AO87: 5 | AP87: 19
A88: Exantus, Susan | B88: =TRIM(MID(A88, FIND(",", A88)+1, LEN(A88))) -> Susan | C88: =TRIM(LEFT(A88, FIND(",", A88)-1)) -> Exantus | D88: =IFERROR(DATEDIF(AB88, AC88, "Y"), DATEDIF(AB88, TODAY(), "Y")) -> 2 | E88: {=_xlfn.IFS(P88<40000, "Low", P88<70000, "MID", P88<100000, "HIGH", P88>=100000, "Executive")} -> HIGH | F88: {=_xlfn.IFS(AJ88="Exceeds", "Top Performer", AJ88="Fully Meets", "Solid Performer", AJ88="Needs Improvement", "Underperformer", AJ88="PIP", "At Risk")} -> Underperformer | G88: {=_xlfn.IFS(AE88="Active", "Retained", AE88="Voluntarily Terminated", "Voluntary Exit", AE88="Terminated for Cause", "Involuntary Exit")} -> Involuntary Exit | H88: 10290 | I88: 1 | J88: 1 | K88: 0 | L88: 4 | M88: 4 | N88: 2 | O88: 0 | P88: 99280 | Q88: 1 | R88: 24 | S88: Software Engineer | T88: MA | U88: 1749 | V88: 31912 | W88: F | X88: Married | Y88: US Citizen | Z88: No | AA88: Black or African American | AB88: 40665 | AC88: 41430 | AD88: attendance | AE88: Terminated for Cause | AF88: Software Engineering | AG88: Alex Sweetwater | AH88: 10 | AI88: Indeed | AJ88: Needs Improvement | AK88: 2.1 | AL88: 5 | AM88: 4 | AN88: 41131 | AO88: 4 | AP88: 19
A89: Faller, Megan | B89: =TRIM(MID(A89, FIND(",", A89)+1, LEN(A89))) -> Megan | C89: =TRIM(LEFT(A89, FIND(",", A89)-1)) -> Faller | D89: =IFERROR(DATEDIF(AB89, AC89, "Y"), DATEDIF(AB89, TODAY(), "Y")) -> 11 | E89: {=_xlfn.IFS(P89<40000, "Low", P89<70000, "MID", P89<100000, "HIGH", P89>=100000, "Executive")} -> HIGH | F89: {=_xlfn.IFS(AJ89="Exceeds", "Top Performer", AJ89="Fully Meets", "Solid Performer", AJ89="Needs Improvement", "Underperformer", AJ89="PIP", "At Risk")} -> Solid Performer | G89: {=_xlfn.IFS(AE89="Active", "Retained", AE89="Voluntarily Terminated", "Voluntary Exit", AE89="Terminated for Cause", "Involuntary Exit")} -> Retained | H89: 10263 | I89: 1 | J89: 1 | K89: 0 | L89: 1 | M89: 5 | N89: 3 | O89: 0 | P89: 71776 | Q89: 0 | R89: 20 | S89: Production Technician II | T89: MA | U89: 1824 | V89: 28755 | W89: F | X89: Married | Y89: US Citizen | Z89: No | AA89: Black or African American | AB89: 41827 | AD89: N/A-StillEmployed | AE89: Active | AF89: Production | AG89: Elijiah Gray | AH89: 16 | AI89: LinkedIn | AJ89: Fully Meets | AK89: 4.4 | AL89: 5 | AM89: 0 | AN89: 43518 | AO89: 0 | AP89: 17
A90: Fancett, Nicole | B90: =TRIM(MID(A90, FIND(",", A90)+1, LEN(A90))) -> Nicole | C90: =TRIM(LEFT(A90, FIND(",", A90)-1)) -> Fancett | D90: =IFERROR(DATEDIF(AB90, AC90, "Y"), DATEDIF(AB90, TODAY(), "Y")) -> 12 | E90: {=_xlfn.IFS(P90<40000, "Low", P90<70000, "MID", P90<100000, "HIGH", P90>=100000, "Executive")} -> MID | F90: {=_xlfn.IFS(AJ90="Exceeds", "Top Performer", AJ90="Fully Meets", "Solid Performer", AJ90="Needs Improvement", "Underperformer", AJ90="PIP", "At Risk")} -> Solid Performer | G90: {=_xlfn.IFS(AE90="Active", "Retained", AE90="Voluntarily Terminated", "Voluntary Exit", AE90="Terminated for Cause", "Involuntary Exit")} -> Retained | H90: 10136 | I90: 0 | J90: 0 | K90: 0 | L90: 1 | M90: 5 | N90: 3 | O90: 0 | P90: 65902 | Q90: 0 | R90: 20 | S90: Production Technician II | T90: MA | U90: 2324 | V90: 32047 | W90: F | X90: Single | Y90: US Citizen | Z90: No | AA90: Black or African American | AB90: 41687 | AD90: N/A-StillEmployed | AE90: Active | AF90: Production | AG90: Webster Butler | AI90: LinkedIn | AJ90: Fully Meets | AK90: 4 | AL90: 4 | AM90: 0 | AN90: 43472 | AO90: 0 | AP90: 7
A91: Ferguson, Susan | B91: =TRIM(MID(A91, FIND(",", A91)+1, LEN(A91))) -> Susan | C91: =TRIM(LEFT(A91, FIND(",", A91)-1)) -> Ferguson | D91: =IFERROR(DATEDIF(AB91, AC91, "Y"), DATEDIF(AB91, TODAY(), "Y")) -> 4 | E91: {=_xlfn.IFS(P91<40000, "Low", P91<70000, "MID", P91<100000, "HIGH", P91>=100000, "Executive")} -> MID | F91: {=_xlfn.IFS(AJ91="Exceeds", "Top Performer", AJ91="Fully Meets", "Solid Performer", AJ91="Needs Improvement", "Underperformer", AJ91="PIP", "At Risk")} -> Solid Performer | G91: {=_xlfn.IFS(AE91="Active", "Retained", AE91="Voluntarily Terminated", "Voluntary Exit", AE91="Terminated for Cause", "Involuntary Exit")} -> Voluntary Exit | H91: 10189 | I91: 1 | J91: 1 | K91: 0 | L91: 5 | M91: 5 | N91: 3 | O91: 0 | P91: 57748 | Q91: 1 | R91: 19 | S91: Production Technician I | T91: MA | U91: 2176 | V91: 20193 | W91: F | X91: Married | Y91: US Citizen | Z91: No | AA91: White | AB91: 40854 | AC91: 42507 | AD91: military | AE91: Voluntarily Terminated | AF91: Production | AG91: Webster Butler | AH91: 39 | AI91: Google Search | AJ91: Fully Meets | AK91: 3.13 | AL91: 3 | AM91: 0 | AN91: 42404 | AO91: 0 | AP91: 16
A92: Fernandes, Nilson | B92: =TRIM(MID(A92, FIND(",", A92)+1, LEN(A92))) -> Nilson | C92: =TRIM(LEFT(A92, FIND(",", A92)-1)) -> Fernandes | D92: =IFERROR(DATEDIF(AB92, AC92, "Y"), DATEDIF(AB92, TODAY(), "Y")) -> 10 | E92: {=_xlfn.IFS(P92<40000, "Low", P92<70000, "MID", P92<100000, "HIGH", P92>=100000, "Executive")} -> MID | F92: {=_xlfn.IFS(AJ92="Exceeds", "Top Performer", AJ92="Fully Meets", "Solid Performer", AJ92="Needs Improvement", "Underperformer", AJ92="PIP", "At Risk")} -> At Risk | G92: {=_xlfn.IFS(AE92="Active", "Retained", AE92="Voluntarily Terminated", "Voluntary Exit", AE92="Terminated for Cause", "Involuntary Exit")} -> Retained | H92: 10308 | I92: 1 | J92: 1 | K92: 1 | L92: 1 | M92: 5 | N92: 1 | O92: 0 | P92: 64057 | Q92: 0 | R92: 19 | S92: Production Technician I | T92: MA | U92: 2132 | V92: 32799 | W92: M | X92: Married | Y92: US Citizen | Z92: No | AA92: White | AB92: 42135 | AD92: N/A-StillEmployed | AE92: Active | AF92: Production | AG92: Amy Dunn | AH92: 11 | AI92: Indeed | AJ92: PIP | AK92: 1.56 | AL92: 5 | AM92: 0 | AN92: 43468 | AO92: 6 | AP92: 15
A93: Fett, Boba | B93: =TRIM(MID(A93, FIND(",", A93)+1, LEN(A93))) -> Boba | C93: =TRIM(LEFT(A93, FIND(",", A93)-1)) -> Fett | D93: =IFERROR(DATEDIF(AB93, AC93, "Y"), DATEDIF(AB93, TODAY(), "Y")) -> 11 | E93: {=_xlfn.IFS(P93<40000, "Low", P93<70000, "MID", P93<100000, "HIGH", P93>=100000, "Executive")} -> MID | F93: {=_xlfn.IFS(AJ93="Exceeds", "Top Performer", AJ93="Fully Meets", "Solid Performer", AJ93="Needs Improvement", "Underperformer", AJ93="PIP", "At Risk")} -> At Risk | G93: {=_xlfn.IFS(AE93="Active", "Retained", AE93="Voluntarily Terminated", "Voluntary Exit", AE93="Terminated for Cause", "Involuntary Exit")} -> Retained | H93: 10309 | I93: 0 | J93: 0 | K93: 1 | L93: 1 | M93: 3 | N93: 1 | O93: 0 | P93: 53366 | Q93: 0 | R93: 15 | S93: Network Engineer | T93: MA | U93: 2138 | V93: 31946 | W93: M | X93: Single | Y93: US Citizen | Z93: No | AA93: White | AB93: 42093 | AD93: N/A-StillEmployed | AE93: Active | AF93: IT/IS | AG93: Peter Monroe | AH93: 7 | AI93: LinkedIn | AJ93: PIP | AK93: 1.2 | AL93: 3 | AM93: 6 | AN93: 43500 | AO93: 3 | AP93: 2
A94: Fidelia, Libby | B94: =TRIM(MID(A94, FIND(",", A94)+1, LEN(A94))) -> Libby | C94: =TRIM(LEFT(A94, FIND(",", A94)-1)) -> Fidelia | D94: =IFERROR(DATEDIF(AB94, AC94, "Y"), DATEDIF(AB94, TODAY(), "Y")) -> 14 | E94: {=_xlfn.IFS(P94<40000, "Low", P94<70000, "MID", P94<100000, "HIGH", P94>=100000, "Executive")} -> MID | F94: {=_xlfn.IFS(AJ94="Exceeds", "Top Performer", AJ94="Fully Meets", "Solid Performer", AJ94="Needs Improvement", "Underperformer", AJ94="PIP", "At Risk")} -> Solid Performer | G94: {=_xlfn.IFS(AE94="Active", "Retained", AE94="Voluntarily Terminated", "Voluntary Exit", AE94="Terminated for Cause", "Involuntary Exit")} -> Retained | H94: 10049 | I94: 1 | J94: 1 | K94: 0 | L94: 1 | M94: 5 | N94: 3 | O94: 0 | P94: 58530 | Q94: 0 | R94: 19 | S94: Production Technician I | T94: MA | U94: 2155 | V94: 29661 | W94: F | X94: Married | Y94: US Citizen | Z94: No | AA94: White | AB94: 40917 | AD94: N/A-StillEmployed | AE94: Active | AF94: Production | AG94: Brannon Miller | AH94: 12 | AI94: Google Search | AJ94: Fully Meets | AK94: 5 | AL94: 5 | AM94: 0 | AN94: 43494 | AO94: 0 | AP94: 19
A95: Fitzpatrick, Michael J | B95: =TRIM(MID(A95, FIND(",", A95)+1, LEN(A95))) -> Michael J | C95: =TRIM(LEFT(A95, FIND(",", A95)-1)) -> Fitzpatrick | D95: =IFERROR(DATEDIF(AB95, AC95, "Y"), DATEDIF(AB95, TODAY(), "Y")) -> 2 | E95: {=_xlfn.IFS(P95<40000, "Low", P95<70000, "MID", P95<100000, "HIGH", P95>=100000, "Executive")} -> HIGH | F95: {=_xlfn.IFS(AJ95="Exceeds", "Top Performer", AJ95="Fully Meets", "Solid Performer", AJ95="Needs Improvement", "Underperformer", AJ95="PIP", "At Risk")} -> Solid Performer | G95: {=_xlfn.IFS(AE95="Active", "Retained", AE95="Voluntarily Terminated", "Voluntary Exit", AE95="Terminated for Cause", "Involuntary Exit")} -> Voluntary Exit | H95: 10093 | I95: 0 | J95: 0 | K95: 1 | L95: 5 | M95: 5 | N95: 3 | O95: 0 | P95: 72609 | Q95: 1 | R95: 20 | S95: Production Technician II | T95: MA | U95: 2143 | V95: 29860 | W95: M | X95: Single | Y95: US Citizen | Z95: Yes | AA95: White | AB95: 40679 | AC95: 41449 | AD95: hours | AE95: Voluntarily Terminated | AF95: Production | AG95: Amy Dunn | AH95: 11 | AI95: Google Search | AJ95: Fully Meets | AK95: 4.76 | AL95: 5 | AM95: 0 | AN95: 41369 | AO95: 0 | AP95: 20
A96: Foreman, Tanya | B96: =TRIM(MID(A96, FIND(",", A96)+1, LEN(A96))) -> Tanya | C96: =TRIM(LEFT(A96, FIND(",", A96)-1)) -> Foreman | D96: =IFERROR(DATEDIF(AB96, AC96, "Y"), DATEDIF(AB96, TODAY(), "Y")) -> 1 | E96: {=_xlfn.IFS(P96<40000, "Low", P96<70000, "MID", P96<100000, "HIGH", P96>=100000, "Executive")} -> MID | F96: {=_xlfn.IFS(AJ96="Exceeds", "Top Performer", AJ96="Fully Meets", "Solid Performer", AJ96="Needs Improvement", "Underperformer", AJ96="PIP", "At Risk")} -> Solid Performer | G96: {=_xlfn.IFS(AE96="Active", "Retained", AE96="Voluntarily Terminated", "Voluntary Exit", AE96="Terminated for Cause", "Involuntary Exit")} -> Voluntary Exit | H96: 10163 | I96: 1 | J96: 1 | K96: 0 | L96: 5 | M96: 5 | N96: 3 | O96: 0 | P96: 55965 | Q96: 1 | R96: 20 | S96: Production Technician II | T96: MA | U96: 2170 | V96: 30628 | W96: F | X96: Married | Y96: US Citizen | Z96: No | AA96: White | AB96: 40637 | AC96: 41283 | AD96: career change | AE96: Voluntarily Terminated | AF96: Production | AG96: Ketsia Liebig | AH96: 19 | AI96: Google Search | AJ96: Fully Meets | AK96: 3.66 | AL96: 3 | AM96: 0 | AN96: 40915 | AO96: 0 | AP96: 6
A97: Forrest, Alex | B97: =TRIM(MID(A97, FIND(",", A97)+1, LEN(A97))) -> Alex | C97: =TRIM(LEFT(A97, FIND(",", A97)-1)) -> Forrest | D97: =IFERROR(DATEDIF(AB97, AC97, "Y"), DATEDIF(AB97, TODAY(), "Y")) -> 3 | E97: {=_xlfn.IFS(P97<40000, "Low", P97<70000, "MID", P97<100000, "HIGH", P97>=100000, "Executive")} -> HIGH | F97: {=_xlfn.IFS(AJ97="Exceeds", "Top Performer", AJ97="Fully Meets", "Solid Performer", AJ97="Needs Improvement", "Underperformer", AJ97="PIP", "At Risk")} -> At Risk | G97: {=_xlfn.IFS(AE97="Active", "Retained", AE97="Voluntarily Terminated", "Voluntary Exit", AE97="Terminated for Cause", "Involuntary Exit")} -> Involuntary Exit | H97: 10305 | I97: 1 | J97: 1 | K97: 1 | L97: 1 | M97: 6 | N97: 3 | O97: 0 | P97: 70187 | Q97: 1 | R97: 3 | S97: Area Sales Manager | T97: MA | U97: 2330 | V97: 27582 | W97: M | X97: Married | Y97: US Citizen | Z97: No | AA97: White | AB97: 41911 | AC97: 43331 | AD97: Fatal attraction | AE97: Terminated for Cause | AF97: Sales | AG97: Lynn Daneault | AH97: 21 | AI97: Employee Referral | AJ97: PIP | AK97: 2 | AL97: 5 | AM97: 0 | AN97: 43493 | AO97: 4 | AP97: 7
A98: Foss, Jason | B98: =TRIM(MID(A98, FIND(",", A98)+1, LEN(A98))) -> Jason | C98: =TRIM(LEFT(A98, FIND(",", A98)-1)) -> Foss | D98: =IFERROR(DATEDIF(AB98, AC98, "Y"), DATEDIF(AB98, TODAY(), "Y")) -> 14 | E98: {=_xlfn.IFS(P98<40000, "Low", P98<70000, "MID", P98<100000, "HIGH", P98>=100000, "Executive")} -> Executive | F98: {=_xlfn.IFS(AJ98="Exceeds", "Top Performer", AJ98="Fully Meets", "Solid Performer", AJ98="Needs Improvement", "Underperformer", AJ98="PIP", "At Risk")} -> Top Performer | G98: {=_xlfn.IFS(AE98="Active", "Retained", AE98="Voluntarily Terminated", "Voluntary Exit", AE98="Terminated for Cause", "Involuntary Exit")} -> Retained | H98: 10015 | I98: 0 | J98: 0 | K98: 1 | L98: 1 | M98: 3 | N98: 4 | O98: 0 | P98: 178000 | Q98: 0 | R98: 12 | S98: IT Director | T98: MA | U98: 1460 | V98: 29407 | W98: M | X98: Single | Y98: US Citizen | Z98: No | AA98: Black or African American | AB98: 40648 | AD98: N/A-StillEmployed | AE98: Active | AF98: IT/IS | AG98: Jennifer Zamora | AH98: 5 | AI98: Indeed | AJ98: Exceeds | AK98: 5 | AL98: 5 | AM98: 5 | AN98: 43472 | AO98: 0 | AP98: 15
A99: Foster-Baker, Amy | B99: =TRIM(MID(A99, FIND(",", A99)+1, LEN(A99))) -> Amy | C99: =TRIM(LEFT(A99, FIND(",", A99)-1)) -> Foster-Baker | D99: =IFERROR(DATEDIF(AB99, AC99, "Y"), DATEDIF(AB99, TODAY(), "Y")) -> 17 | E99: {=_xlfn.IFS(P99<40000, "Low", P99<70000, "MID", P99<100000, "HIGH", P99>=100000, "Executive")} -> HIGH | F99: {=_xlfn.IFS(AJ99="Exceeds", "Top Performer", AJ99="Fully Meets", "Solid Performer", AJ99="Needs Improvement", "Underperformer", AJ99="PIP", "At Risk")} -> Solid Performer | G99: {=_xlfn.IFS(AE99="Active", "Retained", AE99="Voluntarily Terminated", "Voluntary Exit", AE99="Terminated for Cause", "Involuntary Exit")} -> Retained | H99: 10080 | I99: 1 | J99: 1 | K99: 0 | L99: 1 | M99: 1 | N99: 3 | O99: 0 | P99: 99351 | Q99: 0 | R99: 26 | S99: Sr. Accountant | T99: MA | U99: 2050 | V99: 28961 | W99: F | X99: Married | Y99: US Citizen | Z99: no | AA99: White | AB99: 39818 | AD99: N/A-StillEmployed | AE99: Active | AF99: Admin Offices | AG99: Board of Directors | AH99: 9 | AI99: Other | AJ99: Fully Meets | AK99: 5 | AL99: 3 | AM99: 2 | AN99: 43504 | AO99: 0 | AP99: 3
A100: Fraval, Maruk | B100: =TRIM(MID(A100, FIND(",", A100)+1, LEN(A100))) -> Maruk | C100: =TRIM(LEFT(A100, FIND(",", A100)-1)) -> Fraval | D100: =IFERROR(DATEDIF(AB100, AC100, "Y"), DATEDIF(AB100, TODAY(), "Y")) -> 14 | E100: {=_xlfn.IFS(P100<40000, "Low", P100<70000, "MID", P100<100000, "HIGH", P100>=100000, "Executive")} -> MID | F100: {=_xlfn.IFS(AJ100="Exceeds", "Top Performer", AJ100="Fully Meets", "Solid Performer", AJ100="Needs Improvement", "Underperformer", AJ100="PIP", "At Risk")} -> Solid Performer | G100: {=_xlfn.IFS(AE100="Active", "Retained", AE100="Voluntarily Terminated", "Voluntary Exit", AE100="Terminated for Cause", "Involuntary Exit")} -> Retained | H100: 10258 | I100: 0 | J100: 0 | K100: 1 | L100: 1 | M100: 6 | N100: 3 | O100: 0 | P100: 67251 | Q100: 0 | R100: 3 | S100: Area Sales Manager | T100: CT | U100: 6050 | V100: 23251 | W100: M | X100: Single | Y100: US Citizen | Z100: No | AA100: Black or African American | AB100: 40792 | AD100: N/A-StillEmployed | AE100: Active | AF100: Sales | AG100: Lynn Daneault | AH100: 21 | AI100: CareerBuilder | AJ100: Fully Meets | AK100: 4.3 | AL100: 3 | AM100: 0 | AN100: 43492 | AO100: 2 | AP100: 7
...

Sheet Analysis
A1: {=_xlfn.UNIQUE(Employee_Data!AF:AF)} -> Department | B1: Employee_Count | C1: Total_Salary | D1: Average_Salary | E1: Employees_Who_Left | F1: Turnover_Rate | G1: Average_Tenure_Years | H1: Average_Engagement_Score
A2: Production | B2: =COUNTIF(Employee_Data!AF:AF, A2) -> 209 | C2: =SUMIF(Employee_Data!AF:AF, A2, Employee_Data!P:P) -> 12530291 | D2: =AVERAGEIF(Employee_Data!AF:AF, A2, Employee_Data!P:P) -> 59953.545 | E2: =COUNTIFS(Employee_Data!AF:AF, A2, Employee_Data!Q:Q, 1) -> 83 | F2: =(E2/B2) -> 0.39712919 | G2: =AVERAGEIF(Employee_Data!AF:AF, A2, Employee_Data!D:D) -> 8.7751196 | H2: =AVERAGEIF(Employee_Data!AF:AF, A2, Employee_Data!AK:AK) -> 4.1295694
A3: IT/IS | B3: =COUNTIF(Employee_Data!AF:AF, A3) -> 50 | C3: =SUMIF(Employee_Data!AF:AF, A3, Employee_Data!P:P) -> 4853232 | D3: =AVERAGEIF(Employee_Data!AF:AF, A3, Employee_Data!P:P) -> 97064.64 | E3: =COUNTIFS(Employee_Data!AF:AF, A3, Employee_Data!Q:Q, 1) -> 10 | F3: =(E3/B3) -> 0.2 | G3: =AVERAGEIF(Employee_Data!AF:AF, A3, Employee_Data!D:D) -> 9.12 | H3: =AVERAGEIF(Employee_Data!AF:AF, A3, Employee_Data!AK:AK) -> 4.154
A4: Software Engineering | B4: =COUNTIF(Employee_Data!AF:AF, A4) -> 11 | C4: =SUMIF(Employee_Data!AF:AF, A4, Employee_Data!P:P) -> 1044884 | D4: =AVERAGEIF(Employee_Data!AF:AF, A4, Employee_Data!P:P) -> 94989.455 | E4: =COUNTIFS(Employee_Data!AF:AF, A4, Employee_Data!Q:Q, 1) -> 4 | F4: =(E4/B4) -> 0.36363636 | G4: =AVERAGEIF(Employee_Data!AF:AF, A4, Employee_Data!D:D) -> 9.1818182 | H4: =AVERAGEIF(Employee_Data!AF:AF, A4, Employee_Data!AK:AK) -> 4.0618182
A5: Admin Offices | B5: =COUNTIF(Employee_Data!AF:AF, A5) -> 9 | C5: =SUMIF(Employee_Data!AF:AF, A5, Employee_Data!P:P) -> 646127 | D5: =AVERAGEIF(Employee_Data!AF:AF, A5, Employee_Data!P:P) -> 71791.889 | E5: =COUNTIFS(Employee_Data!AF:AF, A5, Employee_Data!Q:Q, 1) -> 2 | F5: =(E5/B5) -> 0.22222222 | G5: =AVERAGEIF(Employee_Data!AF:AF, A5, Employee_Data!D:D) -> 9.8888889 | H5: =AVERAGEIF(Employee_Data!AF:AF, A5, Employee_Data!AK:AK) -> 4.3933333
A6: Sales | B6: =COUNTIF(Employee_Data!AF:AF, A6) -> 31 | C6: =SUMIF(Employee_Data!AF:AF, A6, Employee_Data!P:P) -> 2140899 | D6: =AVERAGEIF(Employee_Data!AF:AF, A6, Employee_Data!P:P) -> 69061.258 | E6: =COUNTIFS(Employee_Data!AF:AF, A6, Employee_Data!Q:Q, 1) -> 5 | F6: =(E6/B6) -> 0.16129032 | G6: =AVERAGEIF(Employee_Data!AF:AF, A6, Employee_Data!D:D) -> 10.870968 | H6: =AVERAGEIF(Employee_Data!AF:AF, A6, Employee_Data!AK:AK) -> 3.8187097
A7: Executive Office | B7: =COUNTIF(Employee_Data!AF:AF, A7) -> 1 | C7: =SUMIF(Employee_Data!AF:AF, A7, Employee_Data!P:P) -> 250000 | D7: =AVERAGEIF(Employee_Data!AF:AF, A7, Employee_Data!P:P) -> 250000 | E7: =COUNTIFS(Employee_Data!AF:AF, A7, Employee_Data!Q:Q, 1) -> 0 | F7: =(E7/B7) -> 0 | G7: =AVERAGEIF(Employee_Data!AF:AF, A7, Employee_Data!D:D) -> 13 | H7: =AVERAGEIF(Employee_Data!AF:AF, A7, Employee_Data!AK:AK) -> 4.83
A8: 0

Sheet Lookup_Table
A1: EmpID | B1: Salary_Band | C1: Performance_Category | D1: Attrition_Type | E1: DateofTermination | F1: TermReason | G1: EmploymentStatus | H1: Department | I1: ManagerName | J1: ManagerID | K1: RecruitmentSource | L1: PerformanceScore | M1: EngagementSurvey | N1: EmpSatisfaction
A2: 10026 | B2: MID | C2: {=_xlfn.IFS(L2="Exceeds", "Top Performer", L2="Fully Meets", "Solid Performer", L2="Needs Improvement", "Underperformer", L2="PIP", "At Risk")} -> Top Performer | D2: {=_xlfn.IFS(G2="Active", "Retained", G2="Voluntarily Terminated", "Voluntary Exit", G2="Terminated for Cause", "Involuntary Exit")} -> Retained | F2: N/A-StillEmployed | G2: Active | H2: Production | I2: Michael Albert | J2: 22 | K2: LinkedIn | L2: Exceeds | M2: 4.6 | N2: 5
A3: 10084 | B3: Executive | C3: {=_xlfn.IFS(L3="Exceeds", "Top Performer", L3="Fully Meets", "Solid Performer", L3="Needs Improvement", "Underperformer", L3="PIP", "At Risk")} -> Solid Performer | D3: {=_xlfn.IFS(G3="Active", "Retained", G3="Voluntarily Terminated", "Voluntary Exit", G3="Terminated for Cause", "Involuntary Exit")} -> Voluntary Exit | E3: 42537 | F3: career change | G3: Voluntarily Terminated | H3: IT/IS | I3: Simon Roup | J3: 4 | K3: Indeed | L3: Fully Meets | M3: 4.96 | N3: 3
A4: 10196 | B4: MID | C4: {=_xlfn.IFS(L4="Exceeds", "Top Performer", L4="Fully Meets", "Solid Performer", L4="Needs Improvement", "Underperformer", L4="PIP", "At Risk")} -> Solid Performer | D4: {=_xlfn.IFS(G4="Active", "Retained", G4="Voluntarily Terminated", "Voluntary Exit", G4="Terminated for Cause", "Involuntary Exit")} -> Voluntary Exit | E4: 41176 | F4: hours | G4: Voluntarily Terminated | H4: Production | I4: Kissy Sullivan | J4: 20 | K4: LinkedIn | L4: Fully Meets | M4: 3.02 | N4: 3
A5: 10088 | B5: MID | C5: {=_xlfn.IFS(L5="Exceeds", "Top Performer", L5="Fully Meets", "Solid Performer", L5="Needs Improvement", "Underperformer", L5="PIP", "At Risk")} -> Solid Performer | D5: {=_xlfn.IFS(G5="Active", "Retained", G5="Voluntarily Terminated", "Voluntary Exit", G5="Terminated for Cause", "Involuntary Exit")} -> Retained | F5: N/A-StillEmployed | G5: Active | H5: Production | I5: Elijiah Gray | J5: 16 | K5: Indeed | L5: Fully Meets | M5: 4.84 | N5: 5
A6: 10069 | B6: MID | C6: {=_xlfn.IFS(L6="Exceeds", "Top Performer", L6="Fully Meets", "Solid Performer", L6="Needs Improvement", "Underperformer", L6="PIP", "At Risk")} -> Solid Performer | D6: {=_xlfn.IFS(G6="Active", "Retained", G6="Voluntarily Terminated", "Voluntary Exit", G6="Terminated for Cause", "Involuntary Exit")} -> Voluntary Exit | E6: 42619 | F6: return to school | G6: Voluntarily Terminated | H6: Production | I6: Webster Butler | J6: 39 | K6: Google Search | L6: Fully Meets | M6: 5 | N6: 4
A7: 10002 | B7: MID | C7: {=_xlfn.IFS(L7="Exceeds", "Top Performer", L7="Fully Meets", "Solid Performer", L7="Needs Improvement", "Underperformer", L7="PIP", "At Risk")} -> Top Performer | D7: {=_xlfn.IFS(G7="Active", "Retained", G7="Voluntarily Terminated", "Voluntary Exit", G7="Terminated for Cause", "Involuntary Exit")} -> Retained | F7: N/A-StillEmployed | G7: Active | H7: Production | I7: Amy Dunn | J7: 11 | K7: LinkedIn | L7: Exceeds | M7: 5 | N7: 5
A8: 10194 | B8: HIGH | C8: {=_xlfn.IFS(L8="Exceeds", "Top Performer", L8="Fully Meets", "Solid Performer", L8="Needs Improvement", "Underperformer", L8="PIP", "At Risk")} -> Solid Performer | D8: {=_xlfn.IFS(G8="Active", "Retained", G8="Voluntarily Terminated", "Voluntary Exit", G8="Terminated for Cause", "Involuntary Exit")} -> Retained | F8: N/A-StillEmployed | G8: Active | H8: Software Engineering | I8: Alex Sweetwater | J8: 10 | K8: LinkedIn | L8: Fully Meets | M8: 3.04 | N8: 3
A9: 10062 | B9: MID | C9: {=_xlfn.IFS(L9="Exceeds", "Top Performer", L9="Fully Meets", "Solid Performer", L9="Needs Improvement", "Underperformer", L9="PIP", "At Risk")} -> Solid Performer | D9: {=_xlfn.IFS(G9="Active", "Retained", G9="Voluntarily Terminated", "Voluntary Exit", G9="Terminated for Cause", "Involuntary Exit")} -> Retained | F9: N/A-StillEmployed | G9: Active | H9: Production | I9: Ketsia Liebig | J9: 19 | K9: Employee Referral | L9: Fully Meets | M9: 5 | N9: 4
A10: 10114 | B10: MID | C10: {=_xlfn.IFS(L10="Exceeds", "Top Performer", L10="Fully Meets", "Solid Performer", L10="Needs Improvement", "Underperformer", L10="PIP", "At Risk")} -> Solid Performer | D10: {=_xlfn.IFS(G10="Active", "Retained", G10="Voluntarily Terminated", "Voluntary Exit", G10="Terminated for Cause", "Involuntary Exit")} -> Retained | F10: N/A-StillEmployed | G10: Active | H10: Production | I10: Brannon Miller | J10: 12 | K10: Diversity Job Fair | L10: Fully Meets | M10: 4.46 | N10: 3
A11: 10250 | B11: MID | C11: {=_xlfn.IFS(L11="Exceeds", "Top Performer", L11="Fully Meets", "Solid Performer", L11="Needs Improvement", "Underperformer", L11="PIP", "At Risk")} -> Solid Performer | D11: {=_xlfn.IFS(G11="Active", "Retained", G11="Voluntarily Terminated", "Voluntary Exit", G11="Terminated for Cause", "Involuntary Exit")} -> Retained | F11: N/A-StillEmployed | G11: Active | H11: IT/IS | I11: Peter Monroe | J11: 7 | K11: Indeed | L11: Fully Meets | M11: 5 | N11: 5
A12: 10252 | B12: MID | C12: {=_xlfn.IFS(L12="Exceeds", "Top Performer", L12="Fully Meets", "Solid Performer", L12="Needs Improvement", "Underperformer", L12="PIP", "At Risk")} -> Solid Performer | D12: {=_xlfn.IFS(G12="Active", "Retained", G12="Voluntarily Terminated", "Voluntary Exit", G12="Terminated for Cause", "Involuntary Exit")} -> Voluntary Exit | E12: 42747 | F12: Another position | G12: Voluntarily Terminated | H12: Production | I12: David Stanley | J12: 14 | K12: Diversity Job Fair | L12: Fully Meets | M12: 4.2 | N12: 4
A13: 10242 | B13: MID | C13: {=_xlfn.IFS(L13="Exceeds", "Top Performer", L13="Fully Meets", "Solid Performer", L13="Needs Improvement", "Underperformer", L13="PIP", "At Risk")} -> Solid Performer | D13: {=_xlfn.IFS(G13="Active", "Retained", G13="Voluntarily Terminated", "Voluntary Exit", G13="Terminated for Cause", "Involuntary Exit")} -> Voluntary Exit | E13: 42632 | F13: unhappy | G13: Voluntarily Terminated | H13: Production | I13: Kissy Sullivan | J13: 20 | K13: Diversity Job Fair | L13: Fully Meets | M13: 4.2 | N13: 3
A14: 10012 | B14: HIGH | C14: {=_xlfn.IFS(L14="Exceeds", "Top Performer", L14="Fully Meets", "Solid Performer", L14="Needs Improvement", "Underperformer", L14="PIP", "At Risk")} -> Top Performer | D14: {=_xlfn.IFS(G14="Active", "Retained", G14="Voluntarily Terminated", "Voluntary Exit", G14="Terminated for Cause", "Involuntary Exit")} -> Retained | F14: N/A-StillEmployed | G14: Active | H14: IT/IS | I14: Simon Roup | J14: 4 | K14: Diversity Job Fair | L14: Exceeds | M14: 4.28 | N14: 4
A15: 10265 | B15: MID | C15: {=_xlfn.IFS(L15="Exceeds", "Top Performer", L15="Fully Meets", "Solid Performer", L15="Needs Improvement", "Underperformer", L15="PIP", "At Risk")} -> Solid Performer | D15: {=_xlfn.IFS(G15="Active", "Retained", G15="Voluntarily Terminated", "Voluntary Exit", G15="Terminated for Cause", "Involuntary Exit")} -> Retained | F15: N/A-StillEmployed | G15: Active | H15: Production | I15: Kelley Spirea | J15: 18 | K15: Google Search | L15: Fully Meets | M15: 4.6 | N15: 4
A16: 10066 | B16: MID | C16: {=_xlfn.IFS(L16="Exceeds", "Top Performer", L16="Fully Meets", "Solid Performer", L16="Needs Improvement", "Underperformer", L16="PIP", "At Risk")} -> Solid Performer | D16: {=_xlfn.IFS(G16="Active", "Retained", G16="Voluntarily Terminated", "Voluntary Exit", G16="Terminated for Cause", "Involuntary Exit")} -> Voluntary Exit | E16: 42831 | F16: Another position | G16: Voluntarily Terminated | H16: Production | I16: Michael Albert | J16: 22 | K16: On-line Web application | L16: Fully Meets | M16: 5 | N16: 5
A17: 10061 | B17: MID | C17: {=_xlfn.IFS(L17="Exceeds", "Top Performer", L17="Fully Meets", "Solid Performer", L17="Needs Improvement", "Underperformer", L17="PIP", "At Risk")} -> Solid Performer | D17: {=_xlfn.IFS(G17="Active", "Retained", G17="Voluntarily Terminated", "Voluntary Exit", G17="Terminated for Cause", "Involuntary Exit")} -> Involuntary Exit | E17: 42951 | F17: attendance | G17: Terminated for Cause | H17: Production | I17: Kelley Spirea | J17: 18 | K17: Google Search | L17: Fully Meets | M17: 5 | N17: 4
A18: 10023 | B18: HIGH | C18: {=_xlfn.IFS(L18="Exceeds", "Top Performer", L18="Fully Meets", "Solid Performer", L18="Needs Improvement", "Underperformer", L18="PIP", "At Risk")} -> Top Performer | D18: {=_xlfn.IFS(G18="Active", "Retained", G18="Voluntarily Terminated", "Voluntary Exit", G18="Terminated for Cause", "Involuntary Exit")} -> Retained | F18: N/A-StillEmployed | G18: Active | H18: Production | I18: Kelley Spirea | J18: 18 | K18: Employee Referral | L18: Exceeds | M18: 4.4 | N18: 3
A19: 10055 | B19: MID | C19: {=_xlfn.IFS(L19="Exceeds", "Top Performer", L19="Fully Meets", "Solid Performer", L19="Needs Improvement", "Underperformer", L19="PIP", "At Risk")} -> Solid Performer | D19: {=_xlfn.IFS(G19="Active", "Retained", G19="Voluntarily Terminated", "Voluntary Exit", G19="Terminated for Cause", "Involuntary Exit")} -> Retained | F19: N/A-StillEmployed | G19: Active | H19: Production | I19: Elijiah Gray | J19: 16 | K19: Google Search | L19: Fully Meets | M19: 5 | N19: 5
A20: 10245 | B20: Executive | C20: {=_xlfn.IFS(L20="Exceeds", "Top Performer", L20="Fully Meets", "Solid Performer", L20="Needs Improvement", "Underperformer", L20="PIP", "At Risk")} -> Solid Performer | D20: {=_xlfn.IFS(G20="Active", "Retained", G20="Voluntarily Terminated", "Voluntary Exit", G20="Terminated for Cause", "Involuntary Exit")} -> Involuntary Exit | E20: 42259 | F20: performance | G20: Terminated for Cause | H20: IT/IS | I20: Simon Roup | J20: 4 | K20: Google Search | L20: Fully Meets | M20: 4.5 | N20: 4
A21: 10277 | B21: MID | C21: {=_xlfn.IFS(L21="Exceeds", "Top Performer", L21="Fully Meets", "Solid Performer", L21="Needs Improvement", "Underperformer", L21="PIP", "At Risk")} -> Solid Performer | D21: {=_xlfn.IFS(G21="Active", "Retained", G21="Voluntarily Terminated", "Voluntary Exit", G21="Terminated for Cause", "Involuntary Exit")} -> Retained | F21: N/A-StillEmployed | G21: Active | H21: Production | I21: Webster Butler | K21: LinkedIn | L21: Fully Meets | M21: 4.2 | N21: 4
A22: 10046 | B22: MID | C22: {=_xlfn.IFS(L22="Exceeds", "Top Performer", L22="Fully Meets", "Solid Performer", L22="Needs Improvement", "Underperformer", L22="PIP", "At Risk")} -> Solid Performer | D22: {=_xlfn.IFS(G22="Active", "Retained", G22="Voluntarily Terminated", "Voluntary Exit", G22="Terminated for Cause", "Involuntary Exit")} -> Retained | F22: N/A-StillEmployed | G22: Active | H22: Production | I22: Amy Dunn | J22: 11 | K22: Google Search | L22: Fully Meets | M22: 5 | N22: 3
A23: 10226 | B23: MID | C23: {=_xlfn.IFS(L23="Exceeds", "Top Performer", L23="Fully Meets", "Solid Performer", L23="Needs Improvement", "Underperformer", L23="PIP", "At Risk")} -> Solid Performer | D23: {=_xlfn.IFS(G23="Active", "Retained", G23="Voluntarily Terminated", "Voluntary Exit", G23="Terminated for Cause", "Involuntary Exit")} -> Retained | F23: N/A-StillEmployed | G23: Active | H23: Production | I23: Ketsia Liebig | J23: 19 | K23: Indeed | L23: Fully Meets | M23: 4.2 | N23: 3
A24: 10003 | B24: MID | C24: {=_xlfn.IFS(L24="Exceeds", "Top Performer", L24="Fully Meets", "Solid Performer", L24="Needs Improvement", "Underperformer", L24="PIP", "At Risk")} -> Top Performer | D24: {=_xlfn.IFS(G24="Active", "Retained", G24="Voluntarily Terminated", "Voluntary Exit", G24="Terminated for Cause", "Involuntary Exit")} -> Retained | F24: N/A-StillEmployed | G24: Active | H24: Production | I24: Brannon Miller | J24: 12 | K24: Indeed | L24: Exceeds | M24: 5 | N24: 3
A25: 10294 | B25: MID | C25: {=_xlfn.IFS(L25="Exceeds", "Top Performer", L25="Fully Meets", "Solid Performer", L25="Needs Improvement", "Underperformer", L25="PIP", "At Risk")} -> Underperformer | D25: {=_xlfn.IFS(G25="Active", "Retained", G25="Voluntarily Terminated", "Voluntary Exit", G25="Terminated for Cause", "Involuntary Exit")} -> Retained | F25: N/A-StillEmployed | G25: Active | H25: Production | I25: Michael Albert | J25: 22 | K25: CareerBuilder | L25: Needs Improvement | M25: 2 | N25: 3
A26: 10267 | B26: MID | C26: {=_xlfn.IFS(L26="Exceeds", "Top Performer", L26="Fully Meets", "Solid Performer", L26="Needs Improvement", "Underperformer", L26="PIP", "At Risk")} -> Solid Performer | D26: {=_xlfn.IFS(G26="Active", "Retained", G26="Voluntarily Terminated", "Voluntary Exit", G26="Terminated for Cause", "Involuntary Exit")} -> Voluntary Exit | E26: 41733 | F26: career change | G26: Voluntarily Terminated | H26: Production | I26: Elijiah Gray | J26: 16 | K26: Google Search | L26: Fully Meets | M26: 4.8 | N26: 5
A27: 10199 | B27: Executive | C27: {=_xlfn.IFS(L27="Exceeds", "Top Performer", L27="Fully Meets", "Solid Performer", L27="Needs Improvement", "Underperformer", L27="PIP", "At Risk")} -> Solid Performer | D27: {=_xlfn.IFS(G27="Active", "Retained", G27="Voluntarily Terminated", "Voluntary Exit", G27="Terminated for Cause", "Involuntary Exit")} -> Involuntary Exit | E27: 42419 | F27: Learned that he is a gangster | G27: Terminated for Cause | H27: IT/IS | I27: Simon Roup | J27: 4 | K27: LinkedIn | L27: Fully Meets | M27: 3.5 | N27: 5
A28: 10081 | B28: Executive | C28: {=_xlfn.IFS(L28="Exceeds", "Top Performer", L28="Fully Meets", "Solid Performer", L28="Needs Improvement", "Underperformer", L28="PIP", "At Risk")} -> Solid Performer | D28: {=_xlfn.IFS(G28="Active", "Retained", G28="Voluntarily Terminated", "Voluntary Exit", G28="Terminated for Cause", "Involuntary Exit")} -> Retained | F28: N/A-StillEmployed | G28: Active | H28: Admin Offices | I28: Brandon R. LeBlanc | J28: 3 | K28: Diversity Job Fair | L28: Fully Meets | M28: 5 | N28: 4
A29: 10175 | B29: HIGH | C29: {=_xlfn.IFS(L29="Exceeds", "Top Performer", L29="Fully Meets", "Solid Performer", L29="Needs Improvement", "Underperformer", L29="PIP", "At Risk")} -> Solid Performer | D29: {=_xlfn.IFS(G29="Active", "Retained", G29="Voluntarily Terminated", "Voluntary Exit", G29="Terminated for Cause", "Involuntary Exit")} -> Voluntary Exit | E29: 41858 | F29: retiring | G29: Voluntarily Terminated | H29: Production | I29: Janet King | J29: 2 | K29: Indeed | L29: Fully Meets | M29: 3.39 | N29: 3
A30: 10177 | B30: MID | C30: {=_xlfn.IFS(L30="Exceeds", "Top Performer", L30="Fully Meets", "Solid Performer", L30="Needs Improvement", "Underperformer", L30="PIP", "At Risk")} -> Solid Performer | D30: {=_xlfn.IFS(G30="Active", "Retained", G30="Voluntarily Terminated", "Voluntary Exit", G30="Terminated for Cause", "Involuntary Exit")} -> Voluntary Exit | E30: 41440 | F30: Another position | G30: Voluntarily Terminated | H30: Production | I30: David Stanley | J30: 14 | K30: Google Search | L30: Fully Meets | M30: 3.35 | N30: 4
A31: 10238 | B31: MID | C31: {=_xlfn.IFS(L31="Exceeds", "Top Performer", L31="Fully Meets", "Solid Performer", L31="Needs Improvement", "Underperformer", L31="PIP", "At Risk")} -> Solid Performer | D31: {=_xlfn.IFS(G31="Active", "Retained", G31="Voluntarily Terminated", "Voluntary Exit", G31="Terminated for Cause", "Involuntary Exit")} -> Retained | F31: N/A-StillEmployed | G31: Active | H31: Admin Offices | I31: Brandon R. LeBlanc | J31: 1 | K31: Diversity Job Fair | L31: Fully Meets | M31: 4.5 | N31: 2
A32: 10184 | B32: MID | C32: {=_xlfn.IFS(L32="Exceeds", "Top Performer", L32="Fully Meets", "Solid Performer", L32="Needs Improvement", "Underperformer", L32="PIP", "At Risk")} -> Solid Performer | D32: {=_xlfn.IFS(G32="Active", "Retained", G32="Voluntarily Terminated", "Voluntary Exit", G32="Terminated for Cause", "Involuntary Exit")} -> Retained | F32: N/A-StillEmployed | G32: Active | H32: Production | I32: Webster Butler | K32: Google Search | L32: Fully Meets | M32: 3.19 | N32: 3
A33: 10203 | B33: MID | C33: {=_xlfn.IFS(L33="Exceeds", "Top Performer", L33="Fully Meets", "Solid Performer", L33="Needs Improvement", "Underperformer", L33="PIP", "At Risk")} -> Solid Performer | D33: {=_xlfn.IFS(G33="Active", "Retained", G33="Voluntarily Terminated", "Voluntary Exit", G33="Terminated for Cause", "Involuntary Exit")} -> Retained | F33: N/A-StillEmployed | G33: Active | H33: Production | I33: Kissy Sullivan | J33: 20 | K33: Diversity Job Fair | L33: Fully Meets | M33: 3.5 | N33: 5
A34: 10188 | B34: HIGH | C34: {=_xlfn.IFS(L34="Exceeds", "Top Performer", L34="Fully Meets", "Solid Performer", L34="Needs Improvement", "Underperformer", L34="PIP", "At Risk")} -> Solid Performer | D34: {=_xlfn.IFS(G34="Active", "Retained", G34="Voluntarily Terminated", "Voluntary Exit", G34="Terminated for Cause", "Involuntary Exit")} -> Voluntary Exit | E34: 41853 | F34: Another position | G34: Voluntarily Terminated | H34: Sales | I34: John Smith | J34: 17 | K34: Google Search | L34: Fully Meets | M34: 3.14 | N34: 5
A35: 10107 | B35: MID | C35: {=_xlfn.IFS(L35="Exceeds", "Top Performer", L35="Fully Meets", "Solid Performer", L35="Needs Improvement", "Underperformer", L35="PIP", "At Risk")} -> Solid Performer | D35: {=_xlfn.IFS(G35="Active", "Retained", G35="Voluntarily Terminated", "Voluntary Exit", G35="Terminated for Cause", "Involuntary Exit")} -> Retained | F35: N/A-StillEmployed | G35: Active | H35: Production | I35: Amy Dunn | J35: 11 | K35: Employee Referral | L35: Fully Meets | M35: 4.51 | N35: 4
A36: 10181 | B36: MID | C36: {=_xlfn.IFS(L36="Exceeds", "Top Performer", L36="Fully Meets", "Solid Performer", L36="Needs Improvement", "Underperformer", L36="PIP", "At Risk")} -> Solid Performer | D36: {=_xlfn.IFS(G36="Active", "Retained", G36="Voluntarily Terminated", "Voluntary Exit", G36="Terminated for Cause", "Involuntary Exit")} -> Retained | F36: N/A-StillEmployed | G36: Active | H36: Production | I36: Ketsia Liebig | J36: 19 | K36: Indeed | L36: Fully Meets | M36: 3.25 | N36: 5
A37: 10150 | B37: HIGH | C37: {=_xlfn.IFS(L37="Exceeds", "Top Performer", L37="Fully Meets", "Solid Performer", L37="Needs Improvement", "Underperformer", L37="PIP", "At Risk")} -> Solid Performer | D37: {=_xlfn.IFS(G37="Active", "Retained", G37="Voluntarily Terminated", "Voluntary Exit", G37="Terminated for Cause", "Involuntary Exit")} -> Retained | F37: N/A-StillEmployed | G37: Active | H37: Software Engineering | I37: Jennifer Zamora | J37: 5 | K37: Google Search | L37: Fully Meets | M37: 3.84 | N37: 3
A38: 10001 | B38: HIGH | C38: {=_xlfn.IFS(L38="Exceeds", "Top Performer", L38="Fully Meets", "Solid Performer", L38="Needs Improvement", "Underperformer", L38="PIP", "At Risk")} -> Top Performer | D38: {=_xlfn.IFS(G38="Active", "Retained", G38="Voluntarily Terminated", "Voluntary Exit", G38="Terminated for Cause", "Involuntary Exit")} -> Retained | F38: N/A-StillEmployed | G38: Active | H38: Production | I38: Janet King | J38: 2 | K38: Indeed | L38: Exceeds | M38: 5 | N38: 3
A39: 10085 | B39: HIGH | C39: {=_xlfn.IFS(L39="Exceeds", "Top Performer", L39="Fully Meets", "Solid Performer", L39="Needs Improvement", "Underperformer", L39="PIP", "At Risk")} -> Solid Performer | D39: {=_xlfn.IFS(G39="Active", "Retained", G39="Voluntarily Terminated", "Voluntary Exit", G39="Terminated for Cause", "Involuntary Exit")} -> Retained | F39: N/A-StillEmployed | G39: Active | H39: Software Engineering | I39: Alex Sweetwater | J39: 10 | K39: Indeed | L39: Fully Meets | M39: 4.96 | N39: 4
A40: 10115 | B40: MID | C40: {=_xlfn.IFS(L40="Exceeds", "Top Performer", L40="Fully Meets", "Solid Performer", L40="Needs Improvement", "Underperformer", L40="PIP", "At Risk")} -> Solid Performer | D40: {=_xlfn.IFS(G40="Active", "Retained", G40="Voluntarily Terminated", "Voluntary Exit", G40="Terminated for Cause", "Involuntary Exit")} -> Retained | F40: N/A-StillEmployed | G40: Active | H40: Production | I40: Kelley Spirea | J40: 18 | K40: LinkedIn | L40: Fully Meets | M40: 4.43 | N40: 3
A41: 10082 | B41: Executive | C41: {=_xlfn.IFS(L41="Exceeds", "Top Performer", L41="Fully Meets", "Solid Performer", L41="Needs Improvement", "Underperformer", L41="PIP", "At Risk")} -> Solid Performer | D41: {=_xlfn.IFS(G41="Active", "Retained", G41="Voluntarily Terminated", "Voluntary Exit", G41="Terminated for Cause", "Involuntary Exit")} -> Retained | F41: N/A-StillEmployed | G41: Active | H41: IT/IS | I41: Simon Roup | J41: 4 | K41: LinkedIn | L41: Fully Meets | M41: 5 | N41: 5
A42: 10040 | B42: HIGH | C42: {=_xlfn.IFS(L42="Exceeds", "Top Performer", L42="Fully Meets", "Solid Performer", L42="Needs Improvement", "Underperformer", L42="PIP", "At Risk")} -> Solid Performer | D42: {=_xlfn.IFS(G42="Active", "Retained", G42="Voluntarily Terminated", "Voluntary Exit", G42="Terminated for Cause", "Involuntary Exit")} -> Retained | F42: N/A-StillEmployed | G42: Active | H42: Sales | I42: John Smith | J42: 17 | K42: Indeed | L42: Fully Meets | M42: 5 | N42: 5
A43: 10067 | B43: MID | C43: {=_xlfn.IFS(L43="Exceeds", "Top Performer", L43="Fully Meets", "Solid Performer", L43="Needs Improvement", "Underperformer", L43="PIP", "At Risk")} -> Solid Performer | D43: {=_xlfn.IFS(G43="Active", "Retained", G43="Voluntarily Terminated", "Voluntary Exit", G43="Terminated for Cause", "Involuntary Exit")} -> Retained | F43: N/A-StillEmployed | G43: Active | H43: Production | I43: Michael Albert | J43: 22 | K43: Google Search | L43: Fully Meets | M43: 5 | N43: 4
A44: 10108 | B44: Executive | C44: {=_xlfn.IFS(L44="Exceeds", "Top Performer", L44="Fully Meets", "Solid Performer", L44="Needs Improvement", "Underperformer", L44="PIP", "At Risk")} -> Solid Performer | D44: {=_xlfn.IFS(G44="Active", "Retained", G44="Voluntarily Terminated", "Voluntary Exit", G44="Terminated for Cause", "Involuntary Exit")} -> Retained | F44: N/A-StillEmployed | G44: Active | H44: IT/IS | I44: Jennifer Zamora | J44: 5 | K44: Indeed | L44: Fully Meets | M44: 4.5 | N44: 5
A45: 10210 | B45: MID | C45: {=_xlfn.IFS(L45="Exceeds", "Top Performer", L45="Fully Meets", "Solid Performer", L45="Needs Improvement", "Underperformer", L45="PIP", "At Risk")} -> Solid Performer | D45: {=_xlfn.IFS(G45="Active", "Retained", G45="Voluntarily Terminated", "Voluntary Exit", G45="Terminated for Cause", "Involuntary Exit")} -> Retained | F45: N/A-StillEmployed | G45: Active | H45: Production | I45: Elijiah Gray | J45: 16 | K45: Indeed | L45: Fully Meets | M45: 3.3 | N45: 4
A46: 10154 | B46: MID | C46: {=_xlfn.IFS(L46="Exceeds", "Top Performer", L46="Fully Meets", "Solid Performer", L46="Needs Improvement", "Underperformer", L46="PIP", "At Risk")} -> Solid Performer | D46: {=_xlfn.IFS(G46="Active", "Retained", G46="Voluntarily Terminated", "Voluntary Exit", G46="Terminated for Cause", "Involuntary Exit")} -> Retained | F46: N/A-StillEmployed | G46: Active | H46: Production | I46: Webster Butler | K46: LinkedIn | L46: Fully Meets | M46: 3.8 | N46: 5
A47: 10200 | B47: MID | C47: {=_xlfn.IFS(L47="Exceeds", "Top Performer", L47="Fully Meets", "Solid Performer", L47="Needs Improvement", "Underperformer", L47="PIP", "At Risk")} -> Solid Performer | D47: {=_xlfn.IFS(G47="Active", "Retained", G47="Voluntarily Terminated", "Voluntary Exit", G47="Terminated for Cause", "Involuntary Exit")} -> Retained | F47: N/A-StillEmployed | G47: Active | H47: Sales | I47: Lynn Daneault | J47: 21 | K47: Employee Referral | L47: Fully Meets | M47: 3 | N47: 5
A48: 10240 | B48: MID | C48: {=_xlfn.IFS(L48="Exceeds", "Top Performer", L48="Fully Meets", "Solid Performer", L48="Needs Improvement", "Underperformer", L48="PIP", "At Risk")} -> Solid Performer | D48: {=_xlfn.IFS(G48="Active", "Retained", G48="Voluntarily Terminated", "Voluntary Exit", G48="Terminated for Cause", "Involuntary Exit")} -> Voluntary Exit | E48: 42323 | F48: relocation out of area | G48: Voluntarily Terminated | H48: Production | I48: Amy Dunn | J48: 11 | K48: Indeed | L48: Fully Meets | M48: 4.3 | N48: 4
A49: 10168 | B49: MID | C49: {=_xlfn.IFS(L49="Exceeds", "Top Performer", L49="Fully Meets", "Solid Performer", L49="Needs Improvement", "Underperformer", L49="PIP", "At Risk")} -> Solid Performer | D49: {=_xlfn.IFS(G49="Active", "Retained", G49="Voluntarily Terminated", "Voluntary Exit", G49="Terminated for Cause", "Involuntary Exit")} -> Retained | F49: N/A-StillEmployed | G49: Active | H49: Production | I49: Ketsia Liebig | J49: 19 | K49: Indeed | L49: Fully Meets | M49: 3.58 | N49: 5
A50: 10220 | B50: MID | C50: {=_xlfn.IFS(L50="Exceeds", "Top Performer", L50="Fully Meets", "Solid Performer", L50="Needs Improvement", "Underperformer", L50="PIP", "At Risk")} -> Solid Performer | D50: {=_xlfn.IFS(G50="Active", "Retained", G50="Voluntarily Terminated", "Voluntary Exit", G50="Terminated for Cause", "Involuntary Exit")} -> Retained | F50: N/A-StillEmployed | G50: Active | H50: IT/IS | I50: Eric Dougall | J50: 6 | K50: Indeed | L50: Fully Meets | M50: 4.7 | N50: 3
A51: 10275 | B51: MID | C51: {=_xlfn.IFS(L51="Exceeds", "Top Performer", L51="Fully Meets", "Solid Performer", L51="Needs Improvement", "Underperformer", L51="PIP", "At Risk")} -> Solid Performer | D51: {=_xlfn.IFS(G51="Active", "Retained", G51="Voluntarily Terminated", "Voluntary Exit", G51="Terminated for Cause", "Involuntary Exit")} -> Voluntary Exit | E51: 41281 | F51: unhappy | G51: Voluntarily Terminated | H51: Production | I51: Brannon Miller | J51: 12 | K51: Google Search | L51: Fully Meets | M51: 4.2 | N51: 5
A52: 10269 | B52: MID | C52: {=_xlfn.IFS(L52="Exceeds", "Top Performer", L52="Fully Meets", "Solid Performer", L52="Needs Improvement", "Underperformer", L52="PIP", "At Risk")} -> Solid Performer | D52: {=_xlfn.IFS(G52="Active", "Retained", G52="Voluntarily Terminated", "Voluntary Exit", G52="Terminated for Cause", "Involuntary Exit")} -> Voluntary Exit | E52: 40812 | F52: career change | G52: Voluntarily Terminated | H52: Production | I52: David Stanley | J52: 14 | K52: Indeed | L52: Fully Meets | M52: 4.2 | N52: 4
A53: 10029 | B53: MID | C53: {=_xlfn.IFS(L53="Exceeds", "Top Performer", L53="Fully Meets", "Solid Performer", L53="Needs Improvement", "Underperformer", L53="PIP", "At Risk")} -> Top Performer | D53: {=_xlfn.IFS(G53="Active", "Retained", G53="Voluntarily Terminated", "Voluntary Exit", G53="Terminated for Cause", "Involuntary Exit")} -> Retained | F53: N/A-StillEmployed | G53: Active | H53: Production | I53: Brannon Miller | J53: 12 | K53: Employee Referral | L53: Exceeds | M53: 4.1 | N53: 4
A54: 10261 | B54: MID | C54: {=_xlfn.IFS(L54="Exceeds", "Top Performer", L54="Fully Meets", "Solid Performer", L54="Needs Improvement", "Underperformer", L54="PIP", "At Risk")} -> Solid Performer | D54: {=_xlfn.IFS(G54="Active", "Retained", G54="Voluntarily Terminated", "Voluntary Exit", G54="Terminated for Cause", "Involuntary Exit")} -> Retained | F54: N/A-StillEmployed | G54: Active | H54: Production | I54: David Stanley | J54: 14 | K54: Employee Referral | L54: Fully Meets | M54: 4.4 | N54: 5
A55: 10292 | B55: MID | C55: {=_xlfn.IFS(L55="Exceeds", "Top Performer", L55="Fully Meets", "Solid Performer", L55="Needs Improvement", "Underperformer", L55="PIP", "At Risk")} -> Underperformer | D55: {=_xlfn.IFS(G55="Active", "Retained", G55="Voluntarily Terminated", "Voluntary Exit", G55="Terminated for Cause", "Involuntary Exit")} -> Involuntary Exit | E55: 42636 | F55: performance | G55: Terminated for Cause | H55: Production | I55: Kissy Sullivan | J55: 20 | K55: LinkedIn | L55: Needs Improvement | M55: 2 | N55: 3
A56: 10282 | B56: MID | C56: {=_xlfn.IFS(L56="Exceeds", "Top Performer", L56="Fully Meets", "Solid Performer", L56="Needs Improvement", "Underperformer", L56="PIP", "At Risk")} -> Underperformer | D56: {=_xlfn.IFS(G56="Active", "Retained", G56="Voluntarily Terminated", "Voluntary Exit", G56="Terminated for Cause", "Involuntary Exit")} -> Retained | F56: N/A-StillEmployed | G56: Active | H56: Production | I56: Janet King | J56: 2 | K56: CareerBuilder | L56: Needs Improvement | M56: 4.13 | N56: 2
A57: 10019 | B57: Executive | C57: {=_xlfn.IFS(L57="Exceeds", "Top Performer", L57="Fully Meets", "Solid Performer", L57="Needs Improvement", "Underperformer", L57="PIP", "At Risk")} -> Top Performer | D57: {=_xlfn.IFS(G57="Active", "Retained", G57="Voluntarily Terminated", "Voluntary Exit", G57="Terminated for Cause", "Involuntary Exit")} -> Retained | F57: N/A-StillEmployed | G57: Active | H57: Production | I57: Janet King | J57: 2 | K57: Indeed | L57: Exceeds | M57: 3.7 | N57: 5
A58: 10094 | B58: MID | C58: {=_xlfn.IFS(L58="Exceeds", "Top Performer", L58="Fully Meets", "Solid Performer", L58="Needs Improvement", "Underperformer", L58="PIP", "At Risk")} -> Solid Performer | D58: {=_xlfn.IFS(G58="Active", "Retained", G58="Voluntarily Terminated", "Voluntary Exit", G58="Terminated for Cause", "Involuntary Exit")} -> Retained | F58: N/A-StillEmployed | G58: Active | H58: Production | I58: Kelley Spirea | J58: 18 | K58: Indeed | L58: Fully Meets | M58: 4.73 | N58: 5
A59: 10193 | B59: HIGH | C59: {=_xlfn.IFS(L59="Exceeds", "Top Performer", L59="Fully Meets", "Solid Performer", L59="Needs Improvement", "Underperformer", L59="PIP", "At Risk")} -> Solid Performer | D59: {=_xlfn.IFS(G59="Active", "Retained", G59="Voluntarily Terminated", "Voluntary Exit", G59="Terminated for Cause", "Involuntary Exit")} -> Retained | F59: N/A-StillEmployed | G59: Active | H59: IT/IS | I59: Simon Roup | J59: 4 | K59: Indeed | L59: Fully Meets | M59: 3.04 | N59: 3
A60: 10132 | B60: MID | C60: {=_xlfn.IFS(L60="Exceeds", "Top Performer", L60="Fully Meets", "Solid Performer", L60="Needs Improvement", "Underperformer", L60="PIP", "At Risk")} -> Solid Performer | D60: {=_xlfn.IFS(G60="Active", "Retained", G60="Voluntarily Terminated", "Voluntary Exit", G60="Terminated for Cause", "Involuntary Exit")} -> Retained | F60: N/A-StillEmployed | G60: Active | H60: Production | I60: Michael Albert | J60: 22 | K60: LinkedIn | L60: Fully Meets | M60: 4.12 | N60: 5
A61: 10083 | B61: HIGH | C61: {=_xlfn.IFS(L61="Exceeds", "Top Performer", L61="Fully Meets", "Solid Performer", L61="Needs Improvement", "Underperformer", L61="PIP", "At Risk")} -> Solid Performer | D61: {=_xlfn.IFS(G61="Active", "Retained", G61="Voluntarily Terminated", "Voluntary Exit", G61="Terminated for Cause", "Involuntary Exit")} -> Retained | F61: N/A-StillEmployed | G61: Active | H61: IT/IS | I61: Peter Monroe | J61: 7 | K61: Employee Referral | L61: Fully Meets | M61: 5 | N61: 3
A62: 10099 | B62: MID | C62: {=_xlfn.IFS(L62="Exceeds", "Top Performer", L62="Fully Meets", "Solid Performer", L62="Needs Improvement", "Underperformer", L62="PIP", "At Risk")} -> Solid Performer | D62: {=_xlfn.IFS(G62="Active", "Retained", G62="Voluntarily Terminated", "Voluntary Exit", G62="Terminated for Cause", "Involuntary Exit")} -> Retained | F62: N/A-StillEmployed | G62: Active | H62: Sales | I62: Debra Houlihan | J62: 15 | K62: Indeed | L62: Fully Meets | M62: 4.62 | N62: 4
A63: 10212 | B63: HIGH | C63: {=_xlfn.IFS(L63="Exceeds", "Top Performer", L63="Fully Meets", "Solid Performer", L63="Needs Improvement", "Underperformer", L63="PIP", "At Risk")} -> Solid Performer | D63: {=_xlfn.IFS(G63="Active", "Retained", G63="Voluntarily Terminated", "Voluntary Exit", G63="Terminated for Cause", "Involuntary Exit")} -> Retained | F63: N/A-StillEmployed | G63: Active | H63: IT/IS | I63: Peter Monroe | J63: 7 | K63: LinkedIn | L63: Fully Meets | M63: 3.1 | N63: 5
A64: 10056 | B64: MID | C64: {=_xlfn.IFS(L64="Exceeds", "Top Performer", L64="Fully Meets", "Solid Performer", L64="Needs Improvement", "Underperformer", L64="PIP", "At Risk")} -> Solid Performer | D64: {=_xlfn.IFS(G64="Active", "Retained", G64="Voluntarily Terminated", "Voluntary Exit", G64="Terminated for Cause", "Involuntary Exit")} -> Retained | F64: N/A-StillEmployed | G64: Active | H64: Production | I64: Elijiah Gray | J64: 16 | K64: Indeed | L64: Fully Meets | M64: 5 | N64: 3
A65: 10143 | B65: MID | C65: {=_xlfn.IFS(L65="Exceeds", "Top Performer", L65="Fully Meets", "Solid Performer", L65="Needs Improvement", "Underperformer", L65="PIP", "At Risk")} -> Solid Performer | D65: {=_xlfn.IFS(G65="Active", "Retained", G65="Voluntarily Terminated", "Voluntary Exit", G65="Terminated for Cause", "Involuntary Exit")} -> Retained | F65: N/A-StillEmployed | G65: Active | H65: Production | I65: Kissy Sullivan | J65: 20 | K65: LinkedIn | L65: Fully Meets | M65: 3.96 | N65: 4
A66: 10311 | B66: MID | C66: {=_xlfn.IFS(L66="Exceeds", "Top Performer", L66="Fully Meets", "Solid Performer", L66="Needs Improvement", "Underperformer", L66="PIP", "At Risk")} -> Solid Performer | D66: {=_xlfn.IFS(G66="Active", "Retained", G66="Voluntarily Terminated", "Voluntary Exit", G66="Terminated for Cause", "Involuntary Exit")} -> Retained | F66: N/A-StillEmployed | G66: Active | H66: Production | I66: Brannon Miller | J66: 12 | K66: Indeed | L66: Fully Meets | M66: 4.3 | N66: 4
A67: 10070 | B67: MID | C67: {=_xlfn.IFS(L67="Exceeds", "Top Performer", L67="Fully Meets", "Solid Performer", L67="Needs Improvement", "Underperformer", L67="PIP", "At Risk")} -> Solid Performer | D67: {=_xlfn.IFS(G67="Active", "Retained", G67="Voluntarily Terminated", "Voluntary Exit", G67="Terminated for Cause", "Involuntary Exit")} -> Voluntary Exit | E67: 42529 | F67: unhappy | G67: Voluntarily Terminated | H67: Production | I67: Webster Butler | J67: 39 | K67: Indeed | L67: Fully Meets | M67: 5 | N67: 4
A68: 10155 | B68: Executive | C68: {=_xlfn.IFS(L68="Exceeds", "Top Performer", L68="Fully Meets", "Solid Performer", L68="Needs Improvement", "Underperformer", L68="PIP", "At Risk")} -> Solid Performer | D68: {=_xlfn.IFS(G68="Active", "Retained", G68="Voluntarily Terminated", "Voluntary Exit", G68="Terminated for Cause", "Involuntary Exit")} -> Retained | F68: N/A-StillEmployed | G68: Active | H68: Software Engineering | I68: Alex Sweetwater | J68: 10 | K68: CareerBuilder | L68: Fully Meets | M68: 3.79 | N68: 5
A69: 10306 | B69: MID | C69: {=_xlfn.IFS(L69="Exceeds", "Top Performer", L69="Fully Meets", "Solid Performer", L69="Needs Improvement", "Underperformer", L69="PIP", "At Risk")} -> At Risk | D69: {=_xlfn.IFS(G69="Active", "Retained", G69="Voluntarily Terminated", "Voluntary Exit", G69="Terminated for Cause", "Involuntary Exit")} -> Retained | F69: N/A-StillEmployed | G69: Active | H69: Sales | I69: John Smith | J69: 17 | K69: Indeed | L69: PIP | M69: 1.93 | N69: 3
A70: 10100 | B70: MID | C70: {=_xlfn.IFS(L70="Exceeds", "Top Performer", L70="Fully Meets", "Solid Performer", L70="Needs Improvement", "Underperformer", L70="PIP", "At Risk")} -> Solid Performer | D70: {=_xlfn.IFS(G70="Active", "Retained", G70="Voluntarily Terminated", "Voluntary Exit", G70="Terminated for Cause", "Involuntary Exit")} -> Voluntary Exit | E70: 42312 | F70: more money | G70: Voluntarily Terminated | H70: Production | I70: Kelley Spirea | J70: 18 | K70: Google Search | L70: Fully Meets | M70: 4.62 | N70: 5
A71: 10310 | B71: MID | C71: {=_xlfn.IFS(L71="Exceeds", "Top Performer", L71="Fully Meets", "Solid Performer", L71="Needs Improvement", "Underperformer", L71="PIP", "At Risk")} -> At Risk | D71: {=_xlfn.IFS(G71="Active", "Retained", G71="Voluntarily Terminated", "Voluntary Exit", G71="Terminated for Cause", "Involuntary Exit")} -> Retained | F71: N/A-StillEmployed | G71: Active | H71: Production | I71: Amy Dunn | J71: 11 | K71: Indeed | L71: PIP | M71: 1.12 | N71: 2
A72: 10197 | B72: HIGH | C72: {=_xlfn.IFS(L72="Exceeds", "Top Performer", L72="Fully Meets", "Solid Performer", L72="Needs Improvement", "Underperformer", L72="PIP", "At Risk")} -> Solid Performer | D72: {=_xlfn.IFS(G72="Active", "Retained", G72="Voluntarily Terminated", "Voluntary Exit", G72="Terminated for Cause", "Involuntary Exit")} -> Retained | F72: N/A-StillEmployed | G72: Active | H72: IT/IS | I72: Brian Champaigne | J72: 13 | K72: Indeed | L72: Fully Meets | M72: 3.01 | N72: 5
A73: 10276 | B73: MID | C73: {=_xlfn.IFS(L73="Exceeds", "Top Performer", L73="Fully Meets", "Solid Performer", L73="Needs Improvement", "Underperformer", L73="PIP", "At Risk")} -> Solid Performer | D73: {=_xlfn.IFS(G73="Active", "Retained", G73="Voluntarily Terminated", "Voluntary Exit", G73="Terminated for Cause", "Involuntary Exit")} -> Retained | F73: N/A-StillEmployed | G73: Active | H73: Production | I73: Ketsia Liebig | J73: 19 | K73: Indeed | L73: Fully Meets | M73: 4.3 | N73: 4
A74: 10304 | B74: MID | C74: {=_xlfn.IFS(L74="Exceeds", "Top Performer", L74="Fully Meets", "Solid Performer", L74="Needs Improvement", "Underperformer", L74="PIP", "At Risk")} -> At Risk | D74: {=_xlfn.IFS(G74="Active", "Retained", G74="Voluntarily Terminated", "Voluntary Exit", G74="Terminated for Cause", "Involuntary Exit")} -> Retained | F74: N/A-StillEmployed | G74: Active | H74: Sales | I74: John Smith | J74: 17 | K74: Website | L74: PIP | M74: 2.3 | N74: 1
A75: 10284 | B75: MID | C75: {=_xlfn.IFS(L75="Exceeds", "Top Performer", L75="Fully Meets", "Solid Performer", L75="Needs Improvement", "Underperformer", L75="PIP", "At Risk")} -> Underperformer | D75: {=_xlfn.IFS(G75="Active", "Retained", G75="Voluntarily Terminated", "Voluntary Exit", G75="Terminated for Cause", "Involuntary Exit")} -> Retained | F75: N/A-StillEmployed | G75: Active | H75: Production | I75: Brannon Miller | J75: 12 | K75: Indeed | L75: Needs Improvement | M75: 3.88 | N75: 4
A76: 10207 | B76: MID | C76: {=_xlfn.IFS(L76="Exceeds", "Top Performer", L76="Fully Meets", "Solid Performer", L76="Needs Improvement", "Underperformer", L76="PIP", "At Risk")} -> Solid Performer | D76: {=_xlfn.IFS(G76="Active", "Retained", G76="Voluntarily Terminated", "Voluntary Exit", G76="Terminated for Cause", "Involuntary Exit")} -> Retained | F76: N/A-StillEmployed | G76: Active | H76: Production | I76: David Stanley | J76: 14 | K76: CareerBuilder | L76: Fully Meets | M76: 3.4 | N76: 5
A77: 10133 | B77: HIGH | C77: {=_xlfn.IFS(L77="Exceeds", "Top Performer", L77="Fully Meets", "Solid Performer", L77="Needs Improvement", "Underperformer", L77="PIP", "At Risk")} -> Solid Performer | D77: {=_xlfn.IFS(G77="Active", "Retained", G77="Voluntarily Terminated", "Voluntary Exit", G77="Terminated for Cause", "Involuntary Exit")} -> Retained | F77: N/A-StillEmployed | G77: Active | H77: IT/IS | I77: Peter Monroe | J77: 7 | K77: Employee Referral | L77: Fully Meets | M77: 4.11 | N77: 4
A78: 10028 | B78: Executive | C78: {=_xlfn.IFS(L78="Exceeds", "Top Performer", L78="Fully Meets", "Solid Performer", L78="Needs Improvement", "Underperformer", L78="PIP", "At Risk")} -> Top Performer | D78: {=_xlfn.IFS(G78="Active", "Retained", G78="Voluntarily Terminated", "Voluntary Exit", G78="Terminated for Cause", "Involuntary Exit")} -> Retained | F78: N/A-StillEmployed | G78: Active | H78: IT/IS | I78: Jennifer Zamora | J78: 5 | K78: Indeed | L78: Exceeds | M78: 4.3 | N78: 5
A79: 10006 | B79: HIGH | C79: {=_xlfn.IFS(L79="Exceeds", "Top Performer", L79="Fully Meets", "Solid Performer", L79="Needs Improvement", "Underperformer", L79="PIP", "At Risk")} -> Top Performer | D79: {=_xlfn.IFS(G79="Active", "Retained", G79="Voluntarily Terminated", "Voluntary Exit", G79="Terminated for Cause", "Involuntary Exit")} -> Retained | F79: N/A-StillEmployed | G79: Active | H79: Sales | I79: Lynn Daneault | J79: 21 | K79: Indeed | L79: Exceeds | M79: 4.77 | N79: 5
A80: 10105 | B80: HIGH | C80: {=_xlfn.IFS(L80="Exceeds", "Top Performer", L80="Fully Meets", "Solid Performer", L80="Needs Improvement", "Underperformer", L80="PIP", "At Risk")} -> Solid Performer | D80: {=_xlfn.IFS(G80="Active", "Retained", G80="Voluntarily Terminated", "Voluntary Exit", G80="Terminated for Cause", "Involuntary Exit")} -> Retained | F80: N/A-StillEmployed | G80: Active | H80: Production | I80: Janet King | J80: 2 | K80: Google Search | L80: Fully Meets | M80: 4.52 | N80: 4
A81: 10211 | B81: MID | C81: {=_xlfn.IFS(L81="Exceeds", "Top Performer", L81="Fully Meets", "Solid Performer", L81="Needs Improvement", "Underperformer", L81="PIP", "At Risk")} -> Solid Performer | D81: {=_xlfn.IFS(G81="Active", "Retained", G81="Voluntarily Terminated", "Voluntary Exit", G81="Terminated for Cause", "Involuntary Exit")} -> Retained | F81: N/A-StillEmployed | G81: Active | H81: Production | I81: Ketsia Liebig | J81: 19 | K81: Google Search | L81: Fully Meets | M81: 2.9 | N81: 3
A82: 10064 | B82: MID | C82: {=_xlfn.IFS(L82="Exceeds", "Top Performer", L82="Fully Meets", "Solid Performer", L82="Needs Improvement", "Underperformer", L82="PIP", "At Risk")} -> Solid Performer | D82: {=_xlfn.IFS(G82="Active", "Retained", G82="Voluntarily Terminated", "Voluntary Exit", G82="Terminated for Cause", "Involuntary Exit")} -> Voluntary Exit | E82: 42892 | F82: military | G82: Voluntarily Terminated | H82: Production | I82: Kissy Sullivan | J82: 20 | K82: Google Search | L82: Fully Meets | M82: 5 | N82: 3
A83: 10247 | B83: MID | C83: {=_xlfn.IFS(L83="Exceeds", "Top Performer", L83="Fully Meets", "Solid Performer", L83="Needs Improvement", "Underperformer", L83="PIP", "At Risk")} -> Solid Performer | D83: {=_xlfn.IFS(G83="Active", "Retained", G83="Voluntarily Terminated", "Voluntary Exit", G83="Terminated for Cause", "Involuntary Exit")} -> Retained | F83: N/A-StillEmployed | G83: Active | H83: Production | I83: Kelley Spirea | J83: 18 | K83: LinkedIn | L83: Fully Meets | M83: 4.7 | N83: 5
A84: 10235 | B84: MID | C84: {=_xlfn.IFS(L84="Exceeds", "Top Performer", L84="Fully Meets", "Solid Performer", L84="Needs Improvement", "Underperformer", L84="PIP", "At Risk")} -> Solid Performer | D84: {=_xlfn.IFS(G84="Active", "Retained", G84="Voluntarily Terminated", "Voluntary Exit", G84="Terminated for Cause", "Involuntary Exit")} -> Retained | F84: N/A-StillEmployed | G84: Active | H84: Production | I84: Kelley Spirea | J84: 18 | K84: Employee Referral | L84: Fully Meets | M84: 4.2 | N84: 3
A85: 10299 | B85: MID | C85: {=_xlfn.IFS(L85="Exceeds", "Top Performer", L85="Fully Meets", "Solid Performer", L85="Needs Improvement", "Underperformer", L85="PIP", "At Risk")} -> At Risk | D85: {=_xlfn.IFS(G85="Active", "Retained", G85="Voluntarily Terminated", "Voluntary Exit", G85="Terminated for Cause", "Involuntary Exit")} -> Retained | F85: N/A-StillEmployed | G85: Active | H85: Production | I85: Michael Albert | J85: 22 | K85: Indeed | L85: PIP | M85: 3 | N85: 1
A86: 10280 | B86: MID | C86: {=_xlfn.IFS(L86="Exceeds", "Top Performer", L86="Fully Meets", "Solid Performer", L86="Needs Improvement", "Underperformer", L86="PIP", "At Risk")} -> Underperformer | D86: {=_xlfn.IFS(G86="Active", "Retained", G86="Voluntarily Terminated", "Voluntary Exit", G86="Terminated for Cause", "Involuntary Exit")} -> Involuntary Exit | E86: 43370 | F86: attendance | G86: Terminated for Cause | H86: Production | I86: Michael Albert | J86: 22 | K86: Google Search | L86: Needs Improvement | M86: 5 | N86: 4
A87: 10296 | B87: MID | C87: {=_xlfn.IFS(L87="Exceeds", "Top Performer", L87="Fully Meets", "Solid Performer", L87="Needs Improvement", "Underperformer", L87="PIP", "At Risk")} -> Underperformer | D87: {=_xlfn.IFS(G87="Active", "Retained", G87="Voluntarily Terminated", "Voluntary Exit", G87="Terminated for Cause", "Involuntary Exit")} -> Involuntary Exit | E87: 43156 | F87: no-call, no-show | G87: Terminated for Cause | H87: Production | I87: Elijiah Gray | J87: 16 | K87: Google Search | L87: Needs Improvement | M87: 2.3 | N87: 3
A88: 10290 | B88: HIGH | C88: {=_xlfn.IFS(L88="Exceeds", "Top Performer", L88="Fully Meets", "Solid Performer", L88="Needs Improvement", "Underperformer", L88="PIP", "At Risk")} -> Underperformer | D88: {=_xlfn.IFS(G88="Active", "Retained", G88="Voluntarily Terminated", "Voluntary Exit", G88="Terminated for Cause", "Involuntary Exit")} -> Involuntary Exit | E88: 41430 | F88: attendance | G88: Terminated for Cause | H88: Software Engineering | I88: Alex Sweetwater | J88: 10 | K88: Indeed | L88: Needs Improvement | M88: 2.1 | N88: 5
A89: 10263 | B89: HIGH | C89: {=_xlfn.IFS(L89="Exceeds", "Top Performer", L89="Fully Meets", "Solid Performer", L89="Needs Improvement", "Underperformer", L89="PIP", "At Risk")} -> Solid Performer | D89: {=_xlfn.IFS(G89="Active", "Retained", G89="Voluntarily Terminated", "Voluntary Exit", G89="Terminated for Cause", "Involuntary Exit")} -> Retained | F89: N/A-StillEmployed | G89: Active | H89: Production | I89: Elijiah Gray | J89: 16 | K89: LinkedIn | L89: Fully Meets | M89: 4.4 | N89: 5
A90: 10136 | B90: MID | C90: {=_xlfn.IFS(L90="Exceeds", "Top Performer", L90="Fully Meets", "Solid Performer", L90="Needs Improvement", "Underperformer", L90="PIP", "At Risk")} -> Solid Performer | D90: {=_xlfn.IFS(G90="Active", "Retained", G90="Voluntarily Terminated", "Voluntary Exit", G90="Terminated for Cause", "Involuntary Exit")} -> Retained | F90: N/A-StillEmployed | G90: Active | H90: Production | I90: Webster Butler | K90: LinkedIn | L90: Fully Meets | M90: 4 | N90: 4
A91: 10189 | B91: MID | C91: {=_xlfn.IFS(L91="Exceeds", "Top Performer", L91="Fully Meets", "Solid Performer", L91="Needs Improvement", "Underperformer", L91="PIP", "At Risk")} -> Solid Performer | D91: {=_xlfn.IFS(G91="Active", "Retained", G91="Voluntarily Terminated", "Voluntary Exit", G91="Terminated for Cause", "Involuntary Exit")} -> Voluntary Exit | E91: 42507 | F91: military | G91: Voluntarily Terminated | H91: Production | I91: Webster Butler | J91: 39 | K91: Google Search | L91: Fully Meets | M91: 3.13 | N91: 3
A92: 10308 | B92: MID | C92: {=_xlfn.IFS(L92="Exceeds", "Top Performer", L92="Fully Meets", "Solid Performer", L92="Needs Improvement", "Underperformer", L92="PIP", "At Risk")} -> At Risk | D92: {=_xlfn.IFS(G92="Active", "Retained", G92="Voluntarily Terminated", "Voluntary Exit", G92="Terminated for Cause", "Involuntary Exit")} -> Retained | F92: N/A-StillEmployed | G92: Active | H92: Production | I92: Amy Dunn | J92: 11 | K92: Indeed | L92: PIP | M92: 1.56 | N92: 5
A93: 10309 | B93: MID | C93: {=_xlfn.IFS(L93="Exceeds", "Top Performer", L93="Fully Meets", "Solid Performer", L93="Needs Improvement", "Underperformer", L93="PIP", "At Risk")} -> At Risk | D93: {=_xlfn.IFS(G93="Active", "Retained", G93="Voluntarily Terminated", "Voluntary Exit", G93="Terminated for Cause", "Involuntary Exit")} -> Retained | F93: N/A-StillEmployed | G93: Active | H93: IT/IS | I93: Peter Monroe | J93: 7 | K93: LinkedIn | L93: PIP | M93: 1.2 | N93: 3
A94: 10049 | B94: MID | C94: {=_xlfn.IFS(L94="Exceeds", "Top Performer", L94="Fully Meets", "Solid Performer", L94="Needs Improvement", "Underperformer", L94="PIP", "At Risk")} -> Solid Performer | D94: {=_xlfn.IFS(G94="Active", "Retained", G94="Voluntarily Terminated", "Voluntary Exit", G94="Terminated for Cause", "Involuntary Exit")} -> Retained | F94: N/A-StillEmployed | G94: Active | H94: Production | I94: Brannon Miller | J94: 12 | K94: Google Search | L94: Fully Meets | M94: 5 | N94: 5
A95: 10093 | B95: HIGH | C95: {=_xlfn.IFS(L95="Exceeds", "Top Performer", L95="Fully Meets", "Solid Performer", L95="Needs Improvement", "Underperformer", L95="PIP", "At Risk")} -> Solid Performer | D95: {=_xlfn.IFS(G95="Active", "Retained", G95="Voluntarily Terminated", "Voluntary Exit", G95="Terminated for Cause", "Involuntary Exit")} -> Voluntary Exit | E95: 41449 | F95: hours | G95: Voluntarily Terminated | H95: Production | I95: Amy Dunn | J95: 11 | K95: Google Search | L95: Fully Meets | M95: 4.76 | N95: 5
A96: 10163 | B96: MID | C96: {=_xlfn.IFS(L96="Exceeds", "Top Performer", L96="Fully Meets", "Solid Performer", L96="Needs Improvement", "Underperformer", L96="PIP", "At Risk")} -> Solid Performer | D96: {=_xlfn.IFS(G96="Active", "Retained", G96="Voluntarily Terminated", "Voluntary Exit", G96="Terminated for Cause", "Involuntary Exit")} -> Voluntary Exit | E96: 41283 | F96: career change | G96: Voluntarily Terminated | H96: Production | I96: Ketsia Liebig | J96: 19 | K96: Google Search | L96: Fully Meets | M96: 3.66 | N96: 3
A97: 10305 | B97: HIGH | C97: {=_xlfn.IFS(L97="Exceeds", "Top Performer", L97="Fully Meets", "Solid Performer", L97="Needs Improvement", "Underperformer", L97="PIP", "At Risk")} -> At Risk | D97: {=_xlfn.IFS(G97="Active", "Retained", G97="Voluntarily Terminated", "Voluntary Exit", G97="Terminated for Cause", "Involuntary Exit")} -> Involuntary Exit | E97: 43331 | F97: Fatal attraction | G97: Terminated for Cause | H97: Sales | I97: Lynn Daneault | J97: 21 | K97: Employee Referral | L97: PIP | M97: 2 | N97: 5
A98: 10015 | B98: Executive | C98: {=_xlfn.IFS(L98="Exceeds", "Top Performer", L98="Fully Meets", "Solid Performer", L98="Needs Improvement", "Underperformer", L98="PIP", "At Risk")} -> Top Performer | D98: {=_xlfn.IFS(G98="Active", "Retained", G98="Voluntarily Terminated", "Voluntary Exit", G98="Terminated for Cause", "Involuntary Exit")} -> Retained | F98: N/A-StillEmployed | G98: Active | H98: IT/IS | I98: Jennifer Zamora | J98: 5 | K98: Indeed | L98: Exceeds | M98: 5 | N98: 5
A99: 10080 | B99: HIGH | C99: {=_xlfn.IFS(L99="Exceeds", "Top Performer", L99="Fully Meets", "Solid Performer", L99="Needs Improvement", "Underperformer", L99="PIP", "At Risk")} -> Solid Performer | D99: {=_xlfn.IFS(G99="Active", "Retained", G99="Voluntarily Terminated", "Voluntary Exit", G99="Terminated for Cause", "Involuntary Exit")} -> Retained | F99: N/A-StillEmployed | G99: Active | H99: Admin Offices | I99: Board of Directors | J99: 9 | K99: Other | L99: Fully Meets | M99: 5 | N99: 3
A100: 10258 | B100: MID | C100: {=_xlfn.IFS(L100="Exceeds", "Top Performer", L100="Fully Meets", "Solid Performer", L100="Needs Improvement", "Underperformer", L100="PIP", "At Risk")} -> Solid Performer | D100: {=_xlfn.IFS(G100="Active", "Retained", G100="Voluntarily Terminated", "Voluntary Exit", G100="Terminated for Cause", "Involuntary Exit")} -> Retained | F100: N/A-StillEmployed | G100: Active | H100: Sales | I100: Lynn Daneault | J100: 21 | K100: CareerBuilder | L100: Fully Meets | M100: 4.3 | N100: 3
...

Sheet Pivot_Table
A2: Count of EmpID | B2: Attrition_Type | M2: Average of Salary | N2: Attrition_Type
A3: Department | B3: Involuntary Exit | C3: Voluntary Exit | D3: Grand Total | M3: Department | N3: Involuntary Exit | O3: Retained | P3: Voluntary Exit | Q3: Grand Total
A4: Admin Offices | B4: 1 | C4: 1 | D4: 2 | M4: Admin Offices | N4: 49920 | O4: 77315.286 | P4: 55000 | Q4: 71791.889
A5: IT/IS | B5: 4 | C5: 6 | D5: 10 | M5: Executive Office | O5: 250000 | Q5: 250000
A6: Production | B6: 8 | C6: 75 | D6: 83 | M6: IT/IS | N6: 110603 | O6: 94512.075 | P6: 105056.17 | Q6: 97064.64
A7: Sales | B7: 2 | C7: 3 | D7: 5 | M7: Production | N7: 60383.625 | O7: 60419.262 | P7: 59125.267 | Q7: 59953.545
A8: Software Engineering | B8: 1 | C8: 3 | D8: 4 | M8: Sales | N8: 64778.5 | O8: 69088.846 | P8: 71677.333 | Q8: 69061.258
A9: Grand Total | B9: 16 | C9: 88 | D9: 104 | M9: Software Engineering | N9: 99280 | O9: 93262.571 | P9: 97588.667 | Q9: 94989.455
M10: Grand Total | N10: 75264.875 | O10: 70694.034 | P10: 63949.205 | Q10: 69020.685

Sheet Dashboard
B1: HR Attrition Analysis Dashboard
B4: Total Employees | D4: Total Who Left | F4: Overall Turnover Rate | H4: Average Salary
B5: =SUM(Analysis!B:B) -> 311 | D5: =SUM(Analysis!E:E) -> 104 | F5: =D5/B5 -> 0.33440514 | H5: =AVERAGE(Analysis!D2:D6) -> 78572.157
